PIB,X1,X2,X3
2.904824143,1.015749273,-2.213919439,1
2.904824143,1.320835254,-1.468032588,1
2.904824143,1.124666725,-2.213919439,1
2.904824143,1.159801289,-0.249144319,1
2.904824143,1.596056773,-0.249144319,1
2.904824143,1.733667532,-0.249144319,1
2.904824143,1.525787449,-0.249144319,1
2.904824143,1.26422941,-0.249144319,1
2.904824143,1.366705507,-1.468032588,1
2.904824143,1.299364072,-2.213919439,1
2.904824143,1.408671909,-0.249144319,1
2.904824143,1.070988769,-0.249144319,1
2.904824143,1.30229196,-0.249144319,1
2.904824143,0.801623028,-0.249144319,1
2.904824143,1.156873498,-0.249144319,1
2.904824143,1.36084973,-1.468032588,1
2.904824143,1.101243227,-2.213919439,1
2.904824143,2.042071787,-0.249144319,1
2.904824143,1.884941771,-0.249144319,1
2.904824143,1.524030716,-0.249144319,1
2.904824143,1.596837543,-0.249144319,1
2.904824143,1.656956854,-0.249144319,1
2.904824143,1.659494357,-1.468032588,1
2.904824143,1.117834985,-2.213919439,1
2.904824143,0.967536709,-0.249144319,1
2.904824143,0.694266921,-0.249144319,1
2.904824143,1.085628212,-0.249144319,1
2.904824143,1.440878683,-0.249144319,1
2.904824143,1.642902989,-0.249144319,1
2.904824143,2.150403662,-1.468032588,1
2.904824143,2.527125315,-2.213919439,1
2.904824143,2.735981361,-0.196626745,2
2.904824143,2.03621601,-0.196626745,2
2.904824143,1.519931672,-0.196626745,2
2.904824143,1.119786911,-0.196626745,2
2.904824143,1.079772337,-0.196626745,2
2.904824143,1.215431073,-1.429313749,2
2.904824143,1.348162214,-2.183644602,2
2.904824143,1.177368718,-0.196626745,2
2.904824143,0.980712207,-0.196626745,2
2.904824143,1.591176959,-0.196626745,2
2.904824143,0.917762605,-0.196626745,2
2.904824143,0.844565392,-0.196626745,2
2.904824143,0.607406424,-1.429313749,2
2.904824143,0.655228603,-2.183644602,2
2.904824143,1.380368987,-0.196626745,2
2.904824143,0.898243348,-0.196626745,2
2.904824143,0.591791019,-0.196626745,2
2.904824143,0.623997792,-0.196626745,2
2.904824143,0.447348422,-0.196626745,2
2.904824143,0.821141699,-1.429313749,2
2.904824143,1.451614274,-2.183644602,2
2.904824143,1.399888244,-0.196626745,2
2.904824143,1.027070442,-0.196626745,2
2.904824143,0.651324459,-0.196626745,2
2.904824143,0.525425448,-0.196626745,2
2.904824143,0.469795665,-0.196626745,2
2.904824143,0.340968473,-1.429313749,2
2.904824143,0.708906363,-2.183644602,2
2.904824143,0.725497731,-0.196626745,2
2.904824143,1.496508564,-0.249144319,3
2.904824143,1.514075895,-0.249144319,3
2.904824143,1.432095017,-0.249144319,3
2.904824143,1.468205642,-0.249144319,3
2.904824143,1.716100201,-1.468032588,3
2.904824143,0.949969378,-2.213919439,3
2.904824143,0.962656895,-0.249144319,3
2.904824143,0.967536709,-0.249144319,3
2.904824143,1.350114139,-0.249144319,3
2.904824143,1.479917098,-0.249144319,3
2.904824143,1.231046674,-0.249144319,3
2.904824143,0.664012268,-1.468032588,3
2.904824143,0.599598721,-2.213919439,3
2.904824143,0.880675919,-0.249144319,3
2.904824143,1.014382925,-0.249144319,3
2.904824143,0.69914693,-0.249144319,3
2.904824143,0.407333848,-0.249144319,3
2.904824143,-0.13920524,-0.249144319,3
2.904824143,0.690363265,-1.468032588,3
2.904824143,0.793815325,-2.213919439,3
2.904824143,0.679627381,-0.249144319,3
2.904824143,1.109051124,-0.249144319,3
2.904824143,0.756435948,-0.249144319,3
2.904824143,0.505905997,-0.249144319,3
2.904824143,1.150041368,-2.213919439,3
2.904824143,0.89043545,-2.213919439,3
2.904824143,0.513713894,-2.213919439,3
2.904824143,0.188717783,-0.249144319,3
2.904824143,0.584959279,-0.249144319,3
2.904824143,0.358535902,-0.249144319,3
2.904824143,0.050131354,-0.249144319,3
2.842714416,-0.070888037,-0.144109171,4
2.842714416,0.002309175,-1.39059491,4
2.842714416,-0.023065761,-2.153369765,4
2.842714416,-0.470056836,-0.144109171,4
2.842714416,-0.784316672,-0.144109171,4
2.842714416,-0.124566286,-0.144109171,4
2.842714416,-0.421551776,-0.144109171,4
2.842714416,-0.612547312,-0.144109171,4
2.842714416,-0.245585775,-1.39059491,4
2.842714416,0.110641342,-2.153369765,4
2.842714416,0.153973799,-0.144109171,4
2.842714416,-0.268032237,-0.144109171,4
2.842714416,0.112300479,-0.144109171,4
2.842714416,0.566415985,-0.144109171,4
2.842714416,0.37512727,-0.144109171,4
2.842714416,-0.836043093,-1.39059491,4
2.842714416,-0.745278452,-2.153369765,4
2.842714416,-1.284985898,-0.144109171,4
2.842714416,-0.497383697,-0.144109171,4
2.842714416,0.373175344,-0.144109171,4
2.842714416,-0.330494541,-0.144109171,4
2.842714416,-0.525004129,-0.144109171,4
2.842714416,-0.778461676,-1.39059491,4
2.842714416,-0.679888845,-2.153369765,4
2.842714416,-0.942422554,-0.144109171,4
2.842714416,-0.693552227,-0.144109171,4
2.842714416,-0.697456078,-0.144109171,4
2.842714416,-0.451513835,-0.144109171,4
2.842714416,-0.006474881,-0.144109171,4
2.842714416,-0.776509067,-1.39059491,4
2.842714416,-0.28267246,-2.113003316,5
2.842714416,0.184814127,-0.074085739,5
2.842714416,-0.252417417,-0.074085739,5
2.842714416,-0.094311145,-0.074085739,5
2.842714416,-0.030873268,-0.074085739,5
2.842714416,0.263867409,-0.074085739,5
2.842714416,-0.122614458,-1.338969792,5
2.842714416,-0.046488771,-2.113003316,5
2.842714416,-0.508119874,-0.074085739,5
2.842714416,-0.493480139,-0.074085739,5
2.842714416,-0.103387892,-0.074085739,5
2.842714416,0.566415985,-0.074085739,5
2.842714416,0.111617305,-0.074085739,5
2.842714416,-0.20264302,-1.338969792,5
2.842714416,0.00230937,-2.113003316,5
2.842714416,-0.364653533,-0.074085739,5
2.842714416,-0.86337015,-0.074085739,5
2.842714416,-1.037091827,-0.074085739,5
2.842714416,-0.904360394,-0.074085739,5
2.842714416,-0.653830637,-0.074085739,5
2.842714416,-1.141518971,-2.113003316,5
2.842714416,-1.286938117,-2.113003316,5
2.842714416,-0.763822136,-0.074085739,5
2.842714416,-0.379292683,-0.074085739,5
2.842714416,0.222877068,-0.074085739,5
2.842714416,0.093073816,-0.074085739,5
2.842714416,-1.080033313,-0.074085739,5
2.842714416,-1.293769759,-1.338969792,5
2.842714416,-0.403691656,-2.113003316,5
2.842714416,-0.383196534,-0.074085739,5
2.842714416,-0.768701755,-0.074085739,5
2.842714416,-0.993368497,0.030949409,6
2.842714416,-1.440164281,0.030949409,6
2.842714416,-1.33378404,0.030949409,6
2.842714416,-0.957062289,-1.261532114,6
2.842714416,-1.212764648,-2.052453643,6
2.842714416,-0.640850526,0.030949409,6
2.842714416,-0.702336282,0.030949409,6
2.842714416,-0.727711414,0.030949409,6
2.842714416,-0.875081899,0.030949409,6
2.842714416,-1.050754818,0.030949409,6
2.842714416,-1.281082047,-1.261532114,6
2.842714416,-1.82566921,-2.052453643,6
2.842714416,-0.572533616,0.030949409,6
2.842714416,-1.101505374,0.030949409,6
2.842714416,-0.849706475,0.030949409,6
2.842714416,-0.93168745,0.030949409,6
2.842714416,-0.472008956,0.030949409,6
2.842714416,-0.834091655,-1.261532114,6
2.842714416,-1.970111611,-2.052453643,6
2.842714416,-1.908626343,0.030949409,6
2.842714416,-1.84645712,0.030949409,6
2.842714416,-1.796390422,0.030949409,6
2.842714416,-1.040995092,0.030949409,6
2.842714416,-1.200077327,0.030949409,6
2.842714416,-0.678913077,-1.261532114,6
2.842714416,-1.548496156,-2.052453643,6
2.842714416,-1.964255736,-2.052453643,6
2.842714416,-1.925217614,0.030949409,6
2.842714416,-0.957062484,0.030949409,6
2.842714416,-1.669515351,0.030949409,6
2.665317404,-1.929414049,0.030949409,7
2.665317404,-2.666948978,-1.261532114,7
2.665317404,-2.767473028,-2.052453643,7
2.665317404,-1.806150138,0.030949409,7
2.665317404,-1.083937847,0.030949409,7
2.665317404,-1.219596779,0.030949409,7
2.665317404,-0.484696864,0.030949409,7
2.665317404,-0.655490262,0.030949409,7
2.665317404,-0.285599665,-1.261532114,7
2.665317404,-0.431018713,-2.052453643,7
2.665317404,-0.386124422,0.030949409,7
2.665317404,-0.995125327,0.030949409,7
2.665317404,-1.120048082,0.030949409,7
2.665317404,-1.406004996,0.030949409,7
2.665317404,-1.537760369,0.030949409,7
2.665317404,-1.740760648,-2.052453643,7
2.665317404,-1.052707622,-2.052453643,7
2.665317404,-0.817500092,0.030949409,7
2.665317404,-1.360135329,0.030949409,7
2.665317404,-0.654513616,0.030949409,7
2.665317404,-1.333784723,0.030949409,7
2.665317404,-1.543616049,0.030949409,7
2.665317404,-1.959376303,-1.261532114,7
2.665317404,-1.418692904,-2.052453643,7
2.665317404,-1.196173768,0.030949409,7
2.665317404,-1.375750539,0.030949409,7
2.665317404,-0.914120022,0.030949409,7
2.665317404,-0.417355038,0.030949409,7
2.665317404,-0.723807855,0.030949409,7
2.665317404,-0.710144571,-1.261532114,7
2.665317404,-0.784316965,-2.052453643,7
2.665317404,-0.948279111,-0.004062307,8
2.665317404,-1.511409568,-0.004062307,8
2.665317404,-0.454441528,-0.004062307,8
2.665317404,-0.423210717,-0.004062307,8
2.665317404,-0.414427247,-0.004062307,8
2.665317404,-0.156772474,-1.287344673,8
2.665317404,-0.061128214,-2.072636867,8
2.665317404,-0.718927455,-0.004062307,8
2.665317404,-1.048802697,-0.004062307,8
2.665317404,-1.035139608,-0.004062307,8
2.665317404,-0.540326257,-0.004062307,8
2.665317404,-1.147375139,-0.004062307,8
2.665317404,-0.334398002,-1.287344673,8
2.665317404,-0.280720144,-2.072636867,8
2.665317404,-0.279744083,-2.072636867,8
2.665317404,-0.254368952,-0.004062307,8
2.665317404,-0.516902954,-0.004062307,8
2.665317404,-0.76089454,-0.004062307,8
2.665317404,-1.007812649,-0.004062307,8
2.665317404,-1.739784383,-1.287344673,8
2.665317404,-1.494817917,-2.072636867,8
2.665317404,-0.64377822,-0.004062307,8
2.665317404,-0.502263707,-0.004062307,8
2.665317404,-0.431994188,-0.004062307,8
2.665317404,-0.566677156,-0.004062307,8
2.665317404,-1.050754721,-0.004062307,8
2.665317404,-1.745640355,-1.287344673,8
2.665317404,-0.819451432,-2.072636867,8
2.665317404,-0.471033189,-0.004062307,8
2.665317404,-0.549109923,-0.004062307,8
2.665317404,-1.406981155,-0.004062307,8
2.665317404,-1.717337228,0.18850213,9
2.665317404,-0.717951785,0.18850213,9
2.665317404,-0.357821208,-1.145375598,9
2.665317404,-0.394907893,-1.961629133,9
2.665317404,-1.046850782,0.18850213,9
2.665317404,-1.206908803,0.18850213,9
2.665317404,-0.551061653,0.18850213,9
2.665317404,-0.299263242,0.18850213,9
2.665317404,-0.384172204,0.18850213,9
2.665317404,-0.650609764,-1.145375598,9
2.665317404,-0.648657839,-1.961629133,9
2.665317404,-0.333422137,0.18850213,9
2.665317404,-0.549110215,0.18850213,9
2.665317404,-0.734542666,0.18850213,9
2.665317404,-0.987317722,0.18850213,9
2.665317404,-0.383196436,0.18850213,9
2.665317404,-0.137253607,-1.145375598,9
2.665317404,-0.117734156,-1.961629133,9
2.665317404,-0.352941296,-1.961629133,9
2.665317404,-0.104070774,0.18850213,9
2.665317404,-0.442730267,0.18850213,9
2.665317404,-0.569604947,0.18850213,9
2.665317404,0.497121941,0.18850213,9
2.665317404,0.167246796,-1.145375598,9
2.665317404,-0.458345574,-1.961629133,9
2.665317404,-0.545205876,0.18850213,9
2.665317404,0.002309468,0.18850213,9
2.665317404,0.271674526,0.18850213,9
2.665317404,0.148703893,0.18850213,9
2.665317404,-0.232897575,0.18850213,9
2.892152928,-0.592051897,-1.132469318,10
2.892152928,-0.26998426,-1.95153752,10
2.892152928,-0.47591232,0.206007988,10
2.892152928,-0.395883563,0.206007988,10
2.892152928,-0.784316477,0.206007988,10
2.892152928,-0.222161983,0.206007988,10
2.892152928,-0.694527994,0.206007988,10
2.892152928,-0.771629156,-1.132469318,10
2.892152928,-0.743326038,-1.95153752,10
2.892152928,-0.605715376,-1.95153752,10
2.892152928,0.056963387,0.206007988,10
2.892152928,-0.150916697,0.206007988,10
2.892152928,-0.781388686,0.206007988,10
2.892152928,-0.860441676,0.206007988,10
2.892152928,-1.019523715,-1.132469318,10
2.892152928,-0.901432407,-1.95153752,10
2.892152928,-0.598883832,0.206007988,10
2.892152928,-0.324637983,0.206007988,10
2.892152928,0.374151112,0.206007988,10
2.892152928,0.236540743,0.206007988,10
2.892152928,0.020852762,0.206007988,10
2.892152928,-0.060152251,-1.132469318,10
2.892152928,0.24337219,-1.95153752,10
2.892152928,0.560560208,0.206007988,10
2.892152928,0.682555562,0.206007988,10
2.892152928,0.91190673,0.206007988,10
2.892152928,1.55701826,0.206007988,10
2.892152928,0.442468705,0.206007988,10
2.892152928,0.136016376,-1.132469318,10
2.892152928,-0.085527285,-1.95153752,10
2.892152928,-0.657441309,-1.95153752,10
2.892152928,-0.836042702,-1.921262684,11
2.892152928,-0.56374878,0.258525562,11
2.892152928,0.313641611,0.258525562,11
2.892152928,0.708906558,0.258525562,11
2.892152928,0.557632319,-1.093750479,11
2.892152928,0.687435279,-1.921262684,11
2.892152928,0.186766638,0.258525562,11
2.892152928,0.063795322,0.258525562,11
2.892152928,0.025732576,0.258525562,11
2.892152928,0.012068999,0.258525562,11
2.892152928,0.174079024,0.258525562,11
2.892152928,-0.134325329,-1.093750479,11
2.892152928,-0.212987933,-1.921262684,11
2.892152928,0.165295261,0.258525562,11
2.892152928,-0.345133593,0.258525562,11
2.892152928,-0.352941003,0.258525562,11
2.892152928,0.696219042,0.258525562,11
2.892152928,1.202743752,0.258525562,11
2.892152928,0.650348789,-1.093750479,11
2.892152928,1.13345039,-1.921262684,11
2.892152928,2.453928102,0.258525562,11
2.892152928,0.859204835,0.258525562,11
2.892152928,0.857252909,0.258525562,11
2.892152928,0.600574782,0.258525562,11
2.892152928,0.656204566,0.258525562,11
2.892152928,0.669868045,-1.093750479,11
2.892152928,0.524449583,-1.921262684,11
2.892152928,1.121738739,0.258525562,11
2.892152928,1.846879221,0.258525562,11
2.892152928,1.3091237,0.258525562,11
2.892152928,1.114907097,0.346054852,12
2.892152928,1.182248434,0.346054852,12
2.892152928,0.604478535,-1.029219081,12
2.892152928,0.092097951,-1.870804622,12
2.892152928,0.027684404,0.346054852,12
2.892152928,0.276555121,0.346054852,12
2.892152928,1.060253276,0.346054852,12
2.892152928,1.731715607,-1.870804622,12
2.892152928,1.000719445,0.346054852,12
2.892152928,0.91971453,-1.029219081,12
2.892152928,0.788935511,-1.870804622,12
2.892152928,0.473699516,0.346054852,12
2.892152928,0.216045328,0.346054852,12
2.892152928,0.702074721,0.346054852,12
2.892152928,1.101243617,0.346054852,12
2.892152928,0.520545732,0.346054852,12
2.892152928,0.902147199,-1.029219081,12
2.892152928,0.511762066,-1.870804622,12
2.892152928,0.518593611,0.346054852,12
2.892152928,0.374151307,0.346054852,12
2.892152928,0.161391214,0.346054852,12
2.892152928,0.308761797,0.346054852,12
2.892152928,0.552752505,0.346054852,12
2.892152928,0.348776078,-1.029219081,12
2.892152928,0.001138313,-1.870804622,12
2.892152928,0.518984191,0.346054852,12
2.892152928,1.282772509,0.346054852,12
2.892152928,2.405129961,0.346054852,12
2.892152928,1.859566738,0.346054852,12
2.892152928,0.966560746,0.346054852,12
2.892152928,0.968512672,-1.029219081,12
2.631406168,0.633757323,-1.901079459,1
2.631406168,0.813334582,0.293537278,1
2.631406168,0.511762066,0.293537278,1
2.631406168,0.511761969,0.293537278,1
2.631406168,0.706954633,0.293537278,1
2.631406168,0.708906461,0.293537278,1
2.631406168,1.230070711,-1.06793792,1
2.631406168,1.152969647,-1.901079459,1
2.631406168,0.617166052,0.293537278,1
2.631406168,0.295098122,0.293537278,1
2.631406168,0.371808899,0.293537278,1
2.631406168,0.866719748,0.293537278,1
2.631406168,1.343282399,0.293537278,1
2.631406168,0.976320374,-1.06793792,1
2.631406168,0.889459682,-1.901079459,1
2.631406168,0.393670661,0.293537278,1
2.631406168,1.009503111,0.293537278,1
2.631406168,1.003647236,0.293537278,1
2.631406168,1.305219849,0.293537278,1
2.631406168,1.436974831,0.293537278,1
2.631406168,1.682917465,-1.06793792,1
2.631406168,1.816624373,-1.901079459,1
2.631406168,1.5296913,0.293537278,1
2.631406168,1.36768147,0.293537278,1
2.631406168,2.42562518,0.293537278,1
2.631406168,2.92531815,0.293537278,1
2.631406168,2.326076971,0.293537278,1
2.631406168,1.965946686,-1.06793792,1
2.631406168,1.189080272,-1.901079459,1
2.631406168,1.164681201,0.293537278,1
2.631406168,1.156873401,0.293537278,1
2.631406168,1.113931134,0.258525562,2
2.631406168,0.77917598,0.258525562,2
2.631406168,1.018286776,0.258525562,2
2.631406168,1.137354242,-1.093750479,2
2.631406168,1.059277313,-1.921262684,2
2.631406168,1.214455306,0.258525562,2
2.631406168,0.97144056,0.258525562,2
2.631406168,1.041709884,0.258525562,2
2.631406168,0.989007891,0.258525562,2
2.631406168,0.218387737,0.258525562,2
2.631406168,0.001138313,-1.093750479,2
2.631406168,0.001138313,-1.921262684,2
2.631406168,0.001138313,0.258525562,2
2.631406168,1.493580676,0.258525562,2
2.631406168,1.350114139,0.258525562,2
2.631406168,0.982176151,0.258525562,2
2.631406168,-0.004522369,0.258525562,2
2.631406168,0.845541355,-1.093750479,2
2.631406168,1.320835254,-1.921262684,2
2.631406168,1.788321451,0.258525562,2
2.631406168,1.921052396,0.258525562,2
2.631406168,2.007913088,0.258525562,2
2.631406168,2.2255528,0.258525562,2
2.631406168,2.351452005,0.258525562,2
2.631406168,2.288990384,-1.093750479,2
2.631406168,1.809792633,-1.921262684,2
2.631406168,1.018286776,0.258525562,2
2.631406168,0.715738298,0.258525562,2
2.631406168,0.707930596,0.170996272,3
2.631406168,0.702074819,0.170996272,3
2.631406168,0.5371371,0.170996272,3
2.631406168,0.494194735,-1.158281877,3
2.631406168,0.3692712,-1.971720745,3
2.631406168,0.46296373,0.170996272,3
2.631406168,0.512737932,0.170996272,3
2.631406168,0.668892082,0.170996272,3
2.631406168,0.25117999,0.170996272,3
2.631406168,0.300954095,0.170996272,3
2.631406168,0.040372018,-1.158281877,3
2.631406168,0.297050341,-1.971720745,3
2.631406168,1.065132895,0.170996272,3
2.631406168,1.107099394,0.170996272,3
2.631406168,0.549824519,0.170996272,3
2.631406168,0.98510404,0.170996272,3
2.631406168,0.708906558,0.170996272,3
2.631406168,0.476627404,-1.158281877,3
2.631406168,0.88165198,-1.971720745,3
2.631406168,0.977296337,0.170996272,3
2.631406168,1.193960086,0.170996272,3
2.631406168,1.460397939,0.170996272,3
2.631406168,0.865060612,0.170996272,3
2.631406168,0.232636501,0.170996272,3
2.631406168,0.812358619,-1.158281877,3
2.631406168,0.625949718,-1.971720745,3
2.631406168,0.493218773,0.170996272,3
2.631406168,0.282410801,0.170996272,3
2.631406168,0.374151307,0.170996272,3
2.631406168,0.390742675,0.170996272,3
2.631406168,0.247276334,0.170996272,3
2.530316168,0.175054987,-1.184094436,4
2.530316168,0.459060073,-1.991903969,4
2.530316168,0.34682425,0.135984556,4
2.530316168,0.397574415,0.135984556,4
2.530316168,0.564464059,0.135984556,4
2.530316168,0.115521156,0.135984556,4
2.530316168,-0.500311391,0.135984556,4
2.530316168,-0.321710192,-1.184094436,4
2.530316168,0.304858336,-1.991903969,4
2.530316168,0.131136659,0.135984556,4
2.530316168,0.151631781,0.135984556,4
2.530316168,0.226780822,0.135984556,4
2.530316168,0.237516511,0.135984556,4
2.530316168,0.240444399,-1.991903969,4
2.530316168,0.862132723,-1.991903969,4
2.530316168,0.724521769,-1.991903969,4
2.530316168,0.752824496,0.135984556,4
2.530316168,0.618141917,0.135984556,4
2.530316168,0.758680663,-1.991903969,4
2.530316168,0.337064719,0.135984556,4
2.530316168,0.217997254,0.135984556,4
2.530316168,0.041348079,-1.184094436,4
2.530316168,-0.265104543,-1.991903969,4
2.530316168,-0.192883098,0.135984556,4
2.530316168,-0.432969858,0.135984556,4
2.530316168,-0.029897501,0.135984556,4
2.530316168,0.623021829,0.135984556,4
2.530316168,0.655228603,0.135984556,4
2.530316168,0.195550109,-1.184094436,4
2.530316168,0.506882252,-1.991903969,4
2.530316168,0.487362996,-1.971720745,5
2.530316168,0.096978058,0.170996272,5
2.530316168,-0.454441138,0.170996272,5
2.530316168,0.718666187,0.170996272,5
2.530316168,0.733305629,0.170996272,5
2.530316168,0.2062857,-1.158281877,5
2.530316168,-0.046488674,-1.971720745,5
2.530316168,-0.226066225,0.170996272,5
2.530316168,-0.235825853,0.170996272,5
2.530316168,-0.413450699,0.170996272,5
2.530316168,-0.104070481,0.170996272,5
2.530316168,0.435636965,0.170996272,5
2.530316168,0.587887167,-1.158281877,5
2.530316168,-0.145061017,-1.971720745,5
2.530316168,-0.309998736,0.170996272,5
2.530316168,-0.377339879,0.170996272,5
2.530316168,-0.452489212,0.170996272,5
2.530316168,-1.205932421,0.170996272,5
2.530316168,-1.568014631,0.170996272,5
2.530316168,-1.124927701,-1.158281877,5
2.530316168,-0.341229839,-1.971720745,5
2.530316168,-0.664956418,0.170996272,5
2.530316168,-1.687082097,0.170996272,5
2.530316168,-2.217030012,0.170996272,5
2.530316168,-2.224837715,0.170996272,5
2.530316168,-1.477250186,0.170996272,5
2.530316168,-1.260586534,-1.158281877,5
2.530316168,-1.519216587,-1.971720745,5
2.530316168,-1.337687501,0.170996272,5
2.530316168,-1.108335747,0.170996272,5
2.530316168,-0.521782671,0.170996272,5
2.530316168,-0.619378759,0.18850213,6
2.530316168,-1.323047961,0.18850213,6
2.530316168,-0.952182182,-1.145375598,6
2.530316168,-1.606077182,-1.961629133,6
2.530316168,-1.512384848,0.18850213,6
2.530316168,-0.605715474,0.18850213,6
2.530316168,-0.715999079,0.18850213,6
2.530316168,-1.450899384,0.18850213,6
2.530316168,-0.412474833,0.18850213,6
2.530316168,-0.467128654,-1.145375598,6
2.530316168,-1.784678478,-1.961629133,6
2.530316168,-1.487985777,0.18850213,6
2.530316168,-0.755037592,0.18850213,6
2.530316168,-0.618402893,0.18850213,6
2.530316168,-0.175315767,0.18850213,6
2.530316168,-1.395269308,0.18850213,6
2.530316168,-1.867635416,-1.145375598,6
2.530316168,-2.396607174,-1.961629133,6
2.530316168,-2.203366533,0.18850213,6
2.530316168,-1.903745943,0.18850213,6
2.530316168,-0.725759,0.18850213,6
2.530316168,-0.339277621,0.18850213,6
2.530316168,-1.011715915,0.18850213,6
2.530316168,-1.054658279,-1.145375598,6
2.530316168,-0.253393087,-1.961629133,6
2.530316168,-0.553013579,-1.961629133,6
2.530316168,-0.437849672,0.18850213,6
2.530316168,-0.630114838,0.18850213,6
2.530316168,-0.181171544,0.18850213,6
2.530316168,-0.247537212,0.18850213,6
2.389430276,-0.139205143,-1.158281877,7
2.389430276,-0.444681509,-1.971720745,7
2.389430276,-0.237777486,0.170996272,7
2.389430276,-0.841898187,0.170996272,7
2.389430276,-1.062465982,0.170996272,7
2.389430276,-1.108336333,0.170996272,7
2.389430276,-1.664635049,0.170996272,7
2.389430276,-0.939494568,-1.158281877,7
2.389430276,-1.583630232,-1.971720745,7
2.389430276,-2.006221943,0.170996272,7
2.389430276,-2.331217664,0.170996272,7
2.389430276,-1.508480899,0.170996272,7
2.389430276,-0.984388565,0.170996272,7
2.389430276,-1.238139292,0.170996272,7
2.389430276,-1.992558854,-1.158281877,7
2.389430276,-2.38489562,-1.971720745,7
2.389430276,-1.64316377,0.170996272,7
2.389430276,-2.089178881,0.170996272,7
2.389430276,-1.266442116,0.170996272,7
2.389430276,-0.197762913,0.170996272,7
2.389430276,-0.265104348,0.170996272,7
2.389430276,-0.539349904,-1.158281877,7
2.389430276,-0.913143961,-1.971720745,7
2.389430276,-0.872153327,0.170996272,7
2.389430276,-0.772605021,0.170996272,7
2.389430276,-0.731614582,0.170996272,7
2.389430276,-0.391003651,0.170996272,7
2.389430276,-0.779436761,0.170996272,7
2.389430276,-1.679274394,-1.158281877,7
2.389430276,-1.192269136,-1.971720745,7
2.389430276,-1.239115352,0.170996272,7
2.389430276,-1.130783478,0.328548994,8
2.389430276,-1.272298088,0.328548994,8
2.389430276,-1.444067352,0.328548994,8
2.389430276,-0.98926877,0.328548994,8
2.389430276,-0.739422089,-1.042125361,8
2.389430276,-0.60766779,-1.880896235,8
2.389430276,-0.816523251,0.328548994,8
2.389430276,-0.459321049,0.328548994,8
2.389430276,-0.51397487,0.328548994,8
2.389430276,-0.992196463,0.328548994,8
2.389430276,-0.98438876,0.328548994,8
2.389430276,-0.964869601,-1.042125361,8
2.389430276,-0.829210865,-1.880896235,8
2.389430276,-0.734541885,0.328548994,8
2.389430276,-0.609618837,-1.880896235,8
2.389430276,-1.259610376,0.328548994,8
2.389430276,-0.41149887,0.328548994,8
2.389430276,-0.602787488,0.328548994,8
2.389430276,-1.118095863,-1.042125361,8
2.389430276,-1.252778637,-1.880896235,8
2.389430276,-1.305480727,0.328548994,8
2.389430276,-0.918023678,0.328548994,8
2.389430276,-1.135663097,0.328548994,8
2.389430276,-0.895576338,0.328548994,8
2.389430276,-0.880936993,0.328548994,8
2.389430276,-0.668177291,-1.042125361,8
2.389430276,-1.066369833,-1.880896235,8
2.389430276,-1.41674049,0.328548994,8
2.389430276,-1.466514497,0.328548994,8
2.389430276,-1.623644513,0.328548994,8
2.389430276,-1.073201378,0.328548994,8
2.389430276,-0.626210498,0.36356071,9
2.389430276,-0.784316477,-1.016312801,9
2.389430276,-1.175677866,-1.86071301,9
2.389430276,-1.518240722,0.36356071,9
2.389430276,-1.263514325,0.36356071,9
2.389430276,-1.016595729,0.36356071,9
2.389430276,-1.714409251,0.36356071,9
2.389430276,-1.276201842,0.36356071,9
2.389430276,-1.101504398,-1.016312801,9
2.389430276,-1.570942813,-1.86071301,9
2.389430276,-0.84580194,0.36356071,9
2.389430276,-1.041970958,0.36356071,9
2.389430276,-1.033186999,0.36356071,9
2.389430276,-1.116143645,0.36356071,9
2.389430276,-1.06246608,0.36356071,9
2.389430276,-0.448585361,-1.016312801,9
2.389430276,-0.536421918,-1.86071301,9
2.389430276,-0.933638693,-1.86071301,9
2.389430276,-0.696479822,-1.86071301,9
2.389430276,-0.757965676,0.36356071,9
2.389430276,-0.937542739,0.36356071,9
2.389430276,-0.430042067,0.36356071,9
2.389430276,-0.588147948,-1.016312801,9
2.389430276,-0.382219888,-1.86071301,9
2.389430276,-0.954134108,0.36356071,9
2.389430276,-0.526662387,0.36356071,9
2.389430276,-0.296335061,0.36356071,9
2.389430276,-0.420282634,0.36356071,9
2.389430276,-0.745277964,0.36356071,9
2.389430276,-0.254368659,-1.016312801,9
2.637191939,-0.386123544,-1.668972377,10
2.637191939,-0.627187047,0.696172012,10
2.637191939,-0.316830476,0.696172012,10
2.637191939,-0.337325598,0.696172012,10
2.637191939,-0.464200571,0.696172012,10
2.637191939,-0.362700534,0.696172012,10
2.637191939,-0.873129193,-0.771093489,10
2.637191939,-0.46810452,-1.668972377,10
2.637191939,-0.700383771,-1.668972377,10
2.637191939,-0.941446786,0.696172012,10
2.637191939,-0.24168124,0.696172012,10
2.637191939,0.062819261,0.696172012,10
2.637191939,-0.02013758,0.696172012,10
2.637191939,0.324377203,-0.771093489,10
2.637191939,0.58886313,-1.668972377,10
2.637191939,-0.128469552,0.696172012,10
2.637191939,-0.406618959,0.696172012,10
2.637191939,-0.317806731,0.696172012,10
2.637191939,-0.665249207,0.696172012,10
2.637191939,-0.351964943,0.696172012,10
2.637191939,-0.272912051,-0.771093489,10
2.637191939,-0.183123373,-1.668972377,10
2.637191939,-0.305118922,0.696172012,10
2.637191939,-0.150916794,0.696172012,10
2.637191939,-0.353916771,0.696172012,10
2.637191939,-0.120661946,0.696172012,10
2.637191939,-0.131397538,-1.668972377,10
2.637191939,-0.756989811,-0.771093489,10
2.637191939,-0.66134516,-1.668972377,10
2.637191939,-0.442729486,0.696172012,10
2.637191939,-0.5578931,0.696172012,10
2.637191939,-0.10797443,-1.638697541,11
2.637191939,-0.355868891,0.748689586,11
2.637191939,-0.106998076,0.748689586,11
2.637191939,-0.322686155,-0.73237465,11
2.637191939,0.219948984,-1.638697541,11
2.637191939,0.208237723,0.748689586,11
2.637191939,0.188718271,0.748689586,11
2.637191939,0.077458704,0.748689586,11
2.637191939,0.049155684,0.748689586,11
2.637191939,0.50883408,0.748689586,11
2.637191939,0.339992608,-0.73237465,11
2.637191939,0.727449852,-1.638697541,11
2.637191939,0.645176186,0.748689586,11
2.637191939,0.062818968,0.748689586,11
2.637191939,-0.221186021,0.748689586,11
2.637191939,-0.033801254,0.748689586,11
2.637191939,-0.18995521,0.748689586,11
2.637191939,-0.364652557,-0.73237465,11
2.637191939,0.237516706,-1.638697541,11
2.637191939,0.219949277,0.748689586,11
2.637191939,0.384886801,0.748689586,11
2.637191939,0.549824714,0.748689586,11
2.637191939,0.301637269,0.748689586,11
2.637191939,0.321449412,0.748689586,11
2.637191939,1.045613736,-0.73237465,11
2.637191939,0.88165198,-1.638697541,11
2.637191939,1.185176323,0.748689586,11
2.637191939,0.877748031,0.748689586,11
2.637191939,-0.066983893,0.748689586,11
2.637191939,0.839685578,0.748689586,11
2.637191939,1.125642688,0.346054852,12
2.637191939,1.110027282,-1.029219081,12
2.637191939,0.438564854,-1.870804622,12
2.637191939,1.658518297,0.346054852,12
2.637191939,1.268133261,0.346054852,12
2.637191939,0.769416254,0.346054852,12
2.637191939,0.75087296,0.346054852,12
2.637191939,0.74404122,-1.870804622,12
2.637191939,0.751848923,-1.029219081,12
2.637191939,1.598008699,-1.870804622,12
2.637191939,1.058301252,0.346054852,12
2.637191939,0.673771897,0.346054852,12
2.637191939,0.520545732,0.346054852,12
2.637191939,0.751848923,0.346054852,12
2.637191939,0.60252661,0.346054852,12
2.637191939,0.419045597,-1.029219081,12
2.637191939,0.245324311,-1.870804622,12
2.637191939,0.723546196,0.346054852,12
2.637191939,0.812358619,0.346054852,12
2.637191939,0.460036036,0.346054852,12
2.637191939,0.190670295,0.346054852,12
2.637191939,0.443444668,0.346054852,12
2.637191939,0.475651442,-1.029219081,12
2.637191939,0.229708515,-1.870804622,12
2.637191939,0.672795934,-1.870804622,12
2.637191939,0.797719176,0.346054852,12
2.637191939,0.503954364,0.346054852,12
2.637191939,1.224214934,0.346054852,12
2.637191939,0.766488366,0.346054852,12
2.637191939,0.873844277,-1.029219081,12
2.637191939,0.895315264,-1.870804622,12
3.12023538,0.292170429,-1.578147867,1
3.12023538,0.587887167,0.853724734,1
3.12023538,0.765512403,0.853724734,1
3.12023538,0.597646796,0.853724734,1
3.12023538,0.474675479,0.853724734,1
3.12023538,0.468819507,-0.654936972,1
3.12023538,1.650710692,-1.578147867,1
3.12023538,0.370345052,0.853724734,1
3.12023538,1.790273377,0.853724734,1
3.12023538,2.021576568,0.853724734,1
3.12023538,1.679013614,0.853724734,1
3.12023538,1.092459952,0.853724734,1
3.12023538,0.994278091,-0.654936972,1
3.12023538,0.616385282,-1.578147867,1
3.12023538,1.107099394,0.853724734,1
3.12023538,1.152969647,0.853724734,1
3.12023538,0.997791557,0.853724734,1
3.12023538,1.680965539,0.853724734,1
3.12023538,2.333884674,0.853724734,1
3.12023538,2.378778964,-0.654936972,1
3.12023538,1.483821047,-1.578147867,1
3.12023538,0.88165198,0.853724734,1
3.12023538,1.116859022,0.853724734,1
3.12023538,0.99193578,0.853724734,1
3.12023538,1.16077735,0.853724734,1
3.12023538,0.428805226,0.853724734,1
3.12023538,0.851397132,-0.654936972,1
3.12023538,1.347186251,-1.578147867,1
3.12023538,1.287652518,0.853724734,1
3.12023538,1.225190897,0.853724734,1
3.12023538,1.288628481,0.853724734,1
3.12023538,1.928860099,1.028783314,2
3.12023538,1.824432076,1.028783314,2
3.12023538,2.09477378,-0.525874176,2
3.12023538,2.105509371,-1.477231745,2
3.12023538,2.127956516,1.028783314,2
3.12023538,1.149065796,1.028783314,2
3.12023538,1.089532063,1.028783314,2
3.12023538,1.021214665,1.028783314,2
3.12023538,0.299978132,1.028783314,2
3.12023538,0.797426387,-0.525874176,2
3.12023538,1.10221958,-1.477231745,2
3.12023538,1.688773242,1.028783314,2
3.12023538,1.597032736,1.028783314,2
3.12023538,1.48382095,1.028783314,2
3.12023538,1.625335658,1.028783314,2
3.12023538,1.420383463,1.028783314,2
3.12023538,1.518955709,-0.525874176,2
3.12023538,1.494556638,-1.477231745,2
3.12023538,0.863108686,1.028783314,2
3.12023538,0.820166224,1.028783314,2
3.12023538,0.121376933,1.028783314,2
3.12023538,0.815286507,1.028783314,2
3.12023538,1.503340304,1.028783314,2
3.12023538,1.620455844,-0.525874176,2
3.12023538,1.348162214,-1.477231745,2
3.12023538,1.535547077,1.028783314,2
3.12023538,1.256421707,1.028783314,2
3.12023538,0.943137638,1.028783314,2
3.12023538,1.467229679,0.941254024,3
3.12023538,1.349138176,0.941254024,3
3.12023538,1.173464867,-0.590405574,3
3.12023538,1.071964732,-1.527689806,3
3.12023538,1.047565564,0.941254024,3
3.12023538,1.665350134,0.941254024,3
3.12023538,1.826384001,0.941254024,3
3.12023538,1.071964732,0.941254024,3
3.12023538,-0.103094518,0.941254024,3
3.12023538,0.034515851,-0.590405574,3
3.12023538,0.277530987,-1.527689806,3
3.12023538,0.387814884,0.941254024,3
3.12023538,-0.067959954,0.941254024,3
3.12023538,0.322425179,0.941254024,3
3.12023538,-0.095286718,0.941254024,3
3.12023538,0.252155953,0.941254024,3
3.12023538,0.136016181,-0.590405574,3
3.12023538,-0.306094885,-1.527689806,3
3.12023538,-0.07967141,0.941254024,3
3.12023538,0.253132013,0.941254024,3
3.12023538,0.075506583,0.941254024,3
3.12023538,0.703050781,0.941254024,3
3.12023538,0.498098587,0.941254024,3
3.12023538,-0.076743521,-0.590405574,3
3.12023538,-0.094310755,-1.527689806,3
3.12023538,0.333160966,0.941254024,3
3.12023538,0.375964646,0.941254024,3
3.12023538,0.624560923,0.941254024,3
3.12023538,0.452796832,0.941254024,3
3.12023538,0.429252314,-1.527689806,3
3.12023538,0.421395716,-1.527689806,3
3.023459054,0.375907064,-1.699247214,4
3.023459054,0.4408976,0.643654438,4
3.023459054,0.414564952,0.643654438,4
3.023459054,0.437339045,0.643654438,4
3.023459054,-0.43393567,0.643654438,4
3.023459054,-0.872764475,0.643654438,4
3.023459054,-0.710133738,-0.809812328,4
3.023459054,0.087135278,-1.699247214,4
3.023459054,0.457114004,0.643654438,4
3.023459054,0.028030968,0.643654438,4
3.023459054,-0.574366182,0.643654438,4
3.023459054,-0.724062777,0.643654438,4
3.023459054,-0.860939222,0.643654438,4
3.023459054,-0.061058628,-0.809812328,4
3.023459054,0.18278754,-1.699247214,4
3.023459054,0.353709473,0.643654438,4
3.023459054,-0.740619791,0.643654438,4
3.023459054,-0.421957483,0.643654438,4
3.023459054,0.355416724,0.643654438,4
3.023459054,0.434152526,0.643654438,4
3.023459054,0.572776335,-0.809812328,4
3.023459054,0.000596556,-1.699247214,4
3.023459054,-0.623251574,0.643654438,4
3.023459054,-0.713387988,0.643654438,4
3.023459054,-0.216582014,0.643654438,4
3.023459054,-0.009372222,0.643654438,4
3.023459054,-0.729984334,0.643654438,4
3.023459054,-0.820026664,-0.809812328,4
3.023459054,-0.595434389,-1.699247214,4
3.023459054,-0.784985207,0.643654438,4
3.023459054,0.079968782,-1.719430439,5
3.023459054,0.113936193,0.608642722,5
3.023459054,-0.593756514,0.608642722,5
3.023459054,-0.872573382,0.608642722,5
3.023459054,-0.080589498,-0.835624887,5
3.023459054,0.327369505,-1.719430439,5
3.023459054,0.366264551,0.608642722,5
3.023459054,0.526694298,0.608642722,5
3.023459054,-0.059861902,0.608642722,5
3.023459054,-0.08631108,0.608642722,5
3.023459054,0.222258308,0.608642722,5
3.023459054,0.031953363,-0.835624887,5
3.023459054,0.153558332,-1.719430439,5
3.023459054,-0.499551604,0.608642722,5
3.023459054,-0.857526475,0.608642722,5
3.023459054,-0.983320276,0.608642722,5
3.023459054,-0.009424533,0.608642722,5
3.023459054,-0.413732069,0.608642722,5
3.023459054,-0.870473695,-0.835624887,5
3.023459054,-0.502362181,-1.719430439,5
3.023459054,-1.331485452,-1.719430439,5
3.023459054,-1.25495074,0.608642722,5
3.023459054,-1.390386175,0.608642722,5
3.023459054,-0.946435908,0.608642722,5
3.023459054,-0.507049828,0.608642722,5
3.023459054,-0.344200377,-0.835624887,5
3.023459054,-0.482108513,-1.719430439,5
3.023459054,-0.258214636,0.608642722,5
3.023459054,-0.66616671,0.608642722,5
3.023459054,-1.335032491,0.608642722,5
3.023459054,-1.21533553,0.608642722,5
3.023459054,-1.610409676,0.381066568,6
3.023459054,-2.07724065,-1.003406522,6
3.023459054,-1.948088325,-1.850621398,6
3.023459054,-1.586457694,0.381066568,6
3.023459054,-1.171778406,0.381066568,6
3.023459054,-1.410479786,0.381066568,6
3.023459054,-1.79405426,0.381066568,6
3.023459054,-1.088123166,0.381066568,6
3.023459054,-1.642422038,-1.003406522,6
3.023459054,-1.489485441,-1.850621398,6
3.023459054,-1.912008152,0.381066568,6
3.023459054,-1.429451918,0.381066568,6
3.023459054,-2.183306495,0.381066568,6
3.023459054,-1.909522179,0.381066568,6
3.023459054,-1.108370491,0.381066568,6
3.023459054,-0.142987779,-1.003406522,6
3.023459054,0.03507742,-1.850621398,6
3.023459054,-0.198127923,0.381066568,6
3.023459054,-0.806336443,0.381066568,6
3.023459054,-1.526404066,0.381066568,6
3.023459054,-0.707467309,0.381066568,6
3.023459054,-0.581694394,0.381066568,6
3.023459054,-1.547391951,-1.003406522,6
3.023459054,-2.273694424,-1.850621398,6
3.023459054,-0.686743031,0.381066568,6
3.023459054,-0.541004746,0.381066568,6
3.023459054,-0.438707543,0.381066568,6
3.023459054,-0.847750645,0.381066568,6
3.023459054,-0.474584034,0.381066568,6
3.023459054,-1.498889526,-1.003406522,6
2.786150852,-1.688292388,-1.86071301,7
2.786150852,-1.220270974,-1.86071301,7
2.786150852,-1.34494476,0.36356071,7
2.786150852,-0.721511707,0.36356071,7
2.786150852,-0.137971526,0.36356071,7
2.786150852,-0.553066964,0.36356071,7
2.786150852,-0.349422169,-1.016312801,7
2.786150852,-0.609937489,-1.86071301,7
2.786150852,-1.40160721,0.36356071,7
2.786150852,-1.785200911,0.36356071,7
2.786150852,-0.889105704,0.36356071,7
2.786150852,-0.020646154,0.36356071,7
2.786150852,0.029136734,0.36356071,7
2.786150852,-0.488114198,-1.016312801,7
2.786150852,-1.093973576,-1.86071301,7
2.786150852,-1.300334768,-1.86071301,7
2.786150852,-1.815163067,0.36356071,7
2.786150852,-1.652779443,0.36356071,7
2.786150852,-1.488809587,0.36356071,7
2.786150852,-1.842157692,0.36356071,7
2.786150852,-1.183425254,-1.016312801,7
2.786150852,-1.605003232,-1.86071301,7
2.786150852,-1.834056097,0.36356071,7
2.786150852,-1.626641207,0.36356071,7
2.786150852,-2.310257691,0.36356071,7
2.786150852,-2.086473317,0.36356071,7
2.786150852,-1.789199528,0.36356071,7
2.786150852,-1.232664531,-1.016312801,7
2.786150852,-1.156959289,-1.86071301,7
2.786150852,-1.846757326,0.36356071,7
2.786150852,-1.744946511,0.36356071,7
2.786150852,-1.58711845,0.398572426,8
2.786150852,-1.994710003,0.398572426,8
2.786150852,-0.735368525,0.398572426,8
2.786150852,-0.560469447,-0.990500242,8
2.786150852,-0.214668541,-1.840529786,8
2.786150852,-0.293118873,0.398572426,8
2.786150852,-1.096716324,0.398572426,8
2.786150852,-1.342905681,0.398572426,8
2.786150852,-1.172802094,0.398572426,8
2.786150852,-0.517427729,0.398572426,8
2.786150852,-0.616325752,-0.990500242,8
2.786150852,-0.312910716,-1.840529786,8
2.786150852,-0.721505559,0.398572426,8
2.786150852,-1.44512227,0.398572426,8
2.786150852,-1.427828794,-1.840529786,8
2.786150852,-0.936223335,0.398572426,8
2.786150852,-0.55734539,0.398572426,8
2.786150852,-1.485102392,-0.990500242,8
2.786150852,-1.411805368,-1.840529786,8
2.786150852,-1.148064364,0.398572426,8
2.786150852,-1.409081524,0.398572426,8
2.786150852,-0.912077624,0.398572426,8
2.786150852,-1.101574179,0.398572426,8
2.786150852,-1.630233336,0.398572426,8
2.786150852,-1.078234711,-0.990500242,8
2.786150852,-0.42110742,-1.840529786,8
2.786150852,-0.285517489,0.398572426,8
2.786150852,-0.537534613,0.398572426,8
2.786150852,-1.150107639,0.398572426,8
2.786150852,-0.630099905,0.398572426,8
2.786150852,-0.362947745,0.398572426,8
2.786150852,-1.064587823,-0.990500242,9
2.786150852,-0.568813539,-1.840529786,9
2.786150852,-0.867690152,0.398572426,9
2.786150852,-0.514261511,0.398572426,9
2.786150852,-0.449761689,0.398572426,9
2.786150852,-0.78620516,0.398572426,9
2.786150852,-1.2604174,0.398572426,9
2.786150852,-0.869132039,-0.990500242,9
2.786150852,-0.251330292,-1.840529786,9
2.786150852,-0.585108019,0.398572426,9
2.786150852,-0.259655157,0.398572426,9
2.786150852,-1.187390884,0.398572426,9
2.786150852,-0.623991061,0.398572426,9
2.786150852,-0.580300524,0.398572426,9
2.786150852,-0.501744787,-0.990500242,9
2.786150852,-0.451626656,-1.840529786,9
2.786150852,-0.092702563,-1.840529786,9
2.786150852,-0.557438887,-1.840529786,9
2.786150852,-0.523650566,-1.840529786,9
2.786150852,-0.162400266,0.398572426,9
2.786150852,-0.071292769,0.398572426,9
2.786150852,-0.103154052,-0.990500242,9
2.786150852,-0.491799043,-1.840529786,9
2.786150852,-0.674945105,0.398572426,9
2.786150852,-0.491931579,0.398572426,9
2.786150852,-0.476117272,0.398572426,9
2.786150852,-0.317287129,0.398572426,9
2.786150852,-0.269719286,0.398572426,9
2.786150852,-0.71114015,-0.990500242,9
2.786150852,-1.466767857,-1.840529786,9
3.114212983,-1.469815398,0.53861929,10
3.114212983,-0.638295553,0.53861929,10
3.114212983,-0.971722031,0.53861929,10
3.114212983,-0.200280702,0.53861929,10
3.114212983,-0.0262474,0.53861929,10
3.114212983,-0.30847477,-0.887250005,10
3.114212983,-0.48294462,-1.759796888,10
3.114212983,-0.660577956,0.53861929,10
3.114212983,-0.973125368,0.53861929,10
3.114212983,-0.880405669,0.53861929,10
3.114212983,-0.542321711,0.53861929,10
3.114212983,-0.716887986,0.53861929,10
3.114212983,-0.717188485,-0.887250005,10
3.114212983,-0.152617312,-1.759796888,10
3.114212983,-0.127087588,-1.759796888,10
3.114212983,-0.459058515,0.53861929,10
3.114212983,-0.603653069,0.53861929,10
3.114212983,-0.289752387,0.53861929,10
3.114212983,0.017123705,0.53861929,10
3.114212983,-0.40140478,-0.887250005,10
3.114212983,-0.26183009,-1.759796888,10
3.114212983,-0.109045451,0.53861929,10
3.114212983,0.241475211,0.53861929,10
3.114212983,-0.249117394,0.53861929,10
3.114212983,-0.384424295,0.53861929,10
3.114212983,0.138762735,0.53861929,10
3.114212983,0.433696751,-0.887250005,10
3.114212983,0.451117688,-1.759796888,10
3.114212983,0.387359012,0.53861929,10
3.114212983,-0.313651472,0.53861929,10
3.114212983,-0.180936728,0.53861929,10
3.114212983,-0.570189256,-1.628605928,11
3.114212983,-0.376681104,-1.628605928,11
3.114212983,0.045914804,-0.71946837,11
3.114212983,0.138632737,-1.628605928,11
3.114212983,-0.419596824,0.766195444,11
3.114212983,0.258671969,0.766195444,11
3.114212983,0.544682561,0.766195444,11
3.114212983,0.282466723,0.766195444,11
3.114212983,0.498749554,0.766195444,11
3.114212983,0.280882443,-0.71946837,11
3.114212983,0.445748916,-1.628605928,11
3.114212983,0.462321351,0.766195444,11
3.114212983,0.218033364,0.766195444,11
3.114212983,-0.05534622,0.766195444,11
3.114212983,-0.035195417,0.766195444,11
3.114212983,-0.478225449,0.766195444,11
3.114212983,-0.012581383,-0.71946837,11
3.114212983,0.236171634,-1.628605928,11
3.114212983,0.320333301,0.766195444,11
3.114212983,0.61034212,0.766195444,11
3.114212983,0.345896988,0.766195444,11
3.114212983,-0.174528849,0.766195444,11
3.114212983,0.508872533,0.766195444,11
3.114212983,0.63610139,-0.71946837,11
3.114212983,0.73987259,-1.628605928,11
3.114212983,0.655265104,0.766195444,11
3.114212983,0.626945297,0.766195444,11
3.114212983,0.627533705,0.766195444,11
3.114212983,0.497695514,0.766195444,11
3.114212983,0.597989456,0.766195444,11
3.114212983,1.099258313,-0.629124413,12
3.114212983,1.725303628,-1.557964643,12
3.114212983,1.362845672,0.88873645,12
3.114212983,1.113993595,0.88873645,12
3.114212983,1.709700813,0.88873645,12
3.114212983,2.341481569,0.88873645,12
3.114212983,1.535216226,0.88873645,12
3.114212983,0.860766375,-1.557964643,12
3.114212983,0.766439567,-1.557964643,12
3.114212983,0.438888874,0.88873645,12
3.114212983,0.531466756,0.88873645,12
3.114212983,0.271427608,0.88873645,12
3.114212983,-0.184042534,0.88873645,12
3.114212983,0.297707749,0.88873645,12
3.114212983,0.209593531,-0.629124413,12
3.114212983,0.960324344,-1.557964643,12
3.114212983,0.917311222,0.88873645,12
3.114212983,1.138376758,0.88873645,12
3.114212983,0.62836913,0.88873645,12
3.114212983,1.157880692,0.88873645,12
3.114212983,1.181899137,0.88873645,12
3.114212983,0.964856715,-0.629124413,12
3.114212983,1.330708094,-1.557964643,12
3.114212983,1.699667915,0.88873645,12
3.114212983,1.633834342,-1.557964643,12
3.114212983,0.789690906,0.88873645,12
3.114212983,0.884501791,0.88873645,12
3.114212983,0.592513231,0.88873645,12
3.114212983,0.376557055,-0.629124413,12
3.114212983,0.305467532,-1.557964643,12
3.114212983,0.3401878,0.88873645,12
3.061063254,0.594147969,-1.527689806,1
3.061063254,0.362604398,0.941254024,1
3.061063254,0.603291277,0.941254024,1
3.061063254,1.683920755,0.941254024,1
3.061063254,1.412368856,-0.590405574,1
3.061063254,0.624161754,-1.527689806,1
3.061063254,0.234750632,0.941254024,1
3.061063254,0.044043591,0.941254024,1
3.061063254,0.163650959,0.941254024,1
3.061063254,0.338473424,0.941254024,1
3.061063254,0.112131052,0.941254024,1
3.061063254,0.757388488,-0.590405574,1
3.061063254,1.240497898,-1.527689806,1
3.061063254,1.210457762,0.941254024,1
3.061063254,0.470573117,0.941254024,1
3.061063254,0.041927703,0.941254024,1
3.061063254,0.966045438,0.941254024,1
3.061063254,1.665030994,0.941254024,1
3.061063254,1.487532634,-0.590405574,1
3.061063254,0.508433057,-1.527689806,1
3.061063254,0.844371176,0.941254024,1
3.061063254,0.586511743,0.941254024,1
3.061063254,1.214017879,0.941254024,1
3.061063254,1.075004856,0.941254024,1
3.061063254,0.79187638,0.941254024,1
3.061063254,1.082112696,-0.590405574,1
3.061063254,0.762575047,-1.527689806,1
3.061063254,0.786628139,0.941254024,1
3.061063254,0.66768872,0.941254024,1
3.061063254,0.73120565,0.941254024,1
3.061063254,1.1236811,0.941254024,1
3.061063254,1.456762478,0.958759882,2
3.061063254,2.632008137,-0.577499295,2
3.061063254,3.129392955,-1.517598194,2
3.061063254,1.288702654,0.958759882,2
3.061063254,0.924994489,0.958759882,2
3.061063254,1.315224444,0.958759882,2
3.061063254,1.326790579,0.958759882,2
3.061063254,1.416103866,0.958759882,2
3.061063254,1.252916049,-0.577499295,2
3.061063254,0.48291524,-1.517598194,2
3.061063254,1.057717919,0.958759882,2
3.061063254,2.132040921,0.958759882,2
3.061063254,1.273009172,0.958759882,2
3.061063254,1.749262442,0.958759882,2
3.061063254,2.617640988,0.958759882,2
3.061063254,0.96352355,-0.577499295,2
3.061063254,1.04193826,-1.517598194,2
3.061063254,0.876194396,0.958759882,2
3.061063254,0.600968973,0.958759882,2
3.061063254,0.477145933,0.958759882,2
3.061063254,0.573449749,0.958759882,2
3.061063254,0.747775254,0.958759882,2
3.061063254,0.417159744,-0.577499295,2
3.061063254,0.067657011,-1.517598194,2
3.061063254,0.331401207,0.958759882,2
3.061063254,0.96382805,0.958759882,2
3.061063254,1.04090774,0.958759882,2
3.061063254,0.888239729,0.958759882,2
3.061063254,0.85912383,0.941254024,3
3.061063254,0.545145558,-0.590405574,3
3.061063254,0.458981118,-1.527689806,3
3.061063254,0.407229615,0.941254024,3
3.061063254,0.552715907,0.941254024,3
3.061063254,0.453607369,0.941254024,3
3.061063254,0.653784178,0.941254024,3
3.061063254,0.495840892,0.941254024,3
3.061063254,1.892792416,-0.590405574,3
3.061063254,1.038097846,-1.527689806,3
3.061063254,0.62599266,0.941254024,3
3.061063254,0.579100574,0.941254024,3
3.061063254,0.791863399,0.941254024,3
3.061063254,0.490923113,0.941254024,3
3.061063254,1.162822968,0.941254024,3
3.061063254,1.246569363,-0.590405574,3
3.061063254,0.253314909,-1.527689806,3
3.061063254,-0.042495717,0.941254024,3
3.061063254,0.050217531,0.941254024,3
3.061063254,0.304133782,0.941254024,3
3.061063254,-0.030230109,0.941254024,3
3.061063254,0.573147201,0.941254024,3
3.061063254,0.642135085,-0.590405574,3
3.061063254,0.556612926,-1.527689806,3
3.061063254,0.597586286,0.941254024,3
3.061063254,1.333884853,0.941254024,3
3.061063254,0.708334059,0.941254024,3
3.061063254,0.214823423,0.941254024,3
3.061063254,-0.006747467,0.941254024,3
3.061063254,0.586297226,-0.590405574,3
3.061063254,0.253553532,-1.527689806,3
2.944101567,0.31600149,0.958759882,4
2.944101567,0.834935567,0.958759882,4
2.944101567,-0.362895726,0.958759882,4
2.944101567,-0.321698578,0.958759882,4
2.944101567,-0.303835531,0.958759882,4
2.944101567,-0.087789469,-0.577499295,4
2.944101567,-0.080526158,-1.517598194,4
2.944101567,0.249213425,0.958759882,4
2.944101567,0.267704017,0.958759882,4
2.944101567,0.345429697,0.958759882,4
2.944101567,-0.086635978,0.958759882,4
2.944101567,-0.561585851,0.958759882,4
2.944101567,-0.368755505,-0.577499295,4
2.944101567,-0.256031212,-1.517598194,4
2.944101567,-0.826803848,0.958759882,4
2.944101567,-0.534892877,0.958759882,4
2.944101567,0.152981538,0.958759882,4
2.944101567,-0.168803558,0.958759882,4
2.944101567,-0.397092098,-1.517598194,4
2.944101567,-0.14145991,-1.517598194,4
2.944101567,-0.19659693,-1.517598194,4
2.944101567,-0.346467734,0.958759882,4
2.944101567,5.50914E-05,0.958759882,4
2.944101567,-0.484141931,0.958759882,4
2.944101567,-0.225183369,0.958759882,4
2.944101567,-0.208019794,0.958759882,4
2.944101567,0.088995463,-0.577499295,4
2.944101567,0.168008535,-1.517598194,4
2.944101567,-0.555814397,0.958759882,4
2.944101567,-0.876509928,0.958759882,4
2.944101567,0.144110036,-1.537781418,5
2.944101567,0.199215825,0.923748166,5
2.944101567,0.231360137,0.923748166,5
2.944101567,0.324145899,-0.603311854,5
2.944101567,0.233252529,-1.537781418,5
2.944101567,-0.212571587,0.923748166,5
2.944101567,-0.305173673,0.923748166,5
2.944101567,-0.277817338,0.923748166,5
2.944101567,-0.250331882,0.923748166,5
2.944101567,0.062726447,0.923748166,5
2.944101567,-0.012144542,-0.603311854,5
2.944101567,0.173840206,-1.537781418,5
2.944101567,-0.683381816,0.923748166,5
2.944101567,-1.092223381,0.923748166,5
2.944101567,-1.035936189,0.923748166,5
2.944101567,-0.428541524,0.923748166,5
2.944101567,-0.138849502,0.923748166,5
2.944101567,-0.72917282,-0.603311854,5
2.944101567,-0.47330523,-1.537781418,5
2.944101567,-0.816214651,0.923748166,5
2.944101567,-1.195683054,-1.537781418,5
2.944101567,-1.321657701,0.923748166,5
2.944101567,-1.335555217,0.923748166,5
2.944101567,-1.279566474,0.923748166,5
2.944101567,-0.735057291,-0.603311854,5
2.944101567,-0.611136167,-1.537781418,5
2.944101567,-0.739264862,0.923748166,5
2.944101567,-0.731091954,0.923748166,5
2.944101567,-1.175539279,0.923748166,5
2.944101567,-0.030695643,0.923748166,5
2.944101567,-0.137141957,0.923748166,5
2.944101567,0.14573599,-0.577499295,6
2.944101567,0.069729468,-1.517598194,6
2.944101567,0.112452729,0.958759882,6
2.944101567,0.225762014,0.958759882,6
2.944101567,0.182057423,0.958759882,6
2.944101567,-0.417186391,0.958759882,6
2.944101567,-0.435828258,0.958759882,6
2.944101567,-0.21011909,-0.577499295,6
2.944101567,-0.576142239,-1.517598194,6
2.944101567,-1.435384894,0.958759882,6
2.944101567,-2.008850699,0.958759882,6
2.944101567,-1.733207467,0.958759882,6
2.944101567,-1.346374741,0.958759882,6
2.944101567,-1.349385294,0.958759882,6
2.944101567,-1.004756812,-0.577499295,6
2.944101567,-0.949820157,-1.517598194,6
2.944101567,-1.485880849,0.958759882,6
2.944101567,-0.579480617,0.958759882,6
2.944101567,-0.700185748,0.958759882,6
2.944101567,-1.187917611,0.958759882,6
2.944101567,-0.22130177,0.958759882,6
2.944101567,0.052160673,-0.577499295,6
2.944101567,-0.362620407,-1.517598194,6
2.944101567,-1.532990156,0.958759882,6
2.944101567,-0.887334527,0.958759882,6
2.944101567,-0.271729477,0.958759882,6
2.944101567,-0.641898125,0.958759882,6
2.944101567,-1.704068828,0.958759882,6
2.944101567,-1.736479714,-1.517598194,6
2.944101567,-1.723342727,-1.517598194,6
2.765579685,-1.827595877,0.993771598,7
2.765579685,-0.960561604,0.993771598,7
2.765579685,-0.788144789,0.993771598,7
2.765579685,-1.731212599,0.993771598,7
2.765579685,-1.539669411,0.993771598,7
2.765579685,-1.075194392,-0.551686735,7
2.765579685,-0.605938774,-1.497414969,7
2.765579685,-0.24406054,0.993771598,7
2.765579685,0.060743291,0.993771598,7
2.765579685,-0.29319695,0.993771598,7
2.765579685,-0.624507834,0.993771598,7
2.765579685,-0.595723274,0.993771598,7
2.765579685,-0.523887432,-0.551686735,7
2.765579685,-0.800229649,-1.497414969,7
2.765579685,-1.419869427,0.993771598,7
2.765579685,-1.027763574,-1.497414969,7
2.765579685,-0.356571682,0.993771598,7
2.765579685,-0.961072813,0.993771598,7
2.765579685,-0.915137853,0.993771598,7
2.765579685,-1.231184288,-0.551686735,7
2.765579685,-1.357981769,-1.497414969,7
2.765579685,-2.062538024,0.993771598,7
2.765579685,-1.946323015,0.993771598,7
2.765579685,-1.609132365,0.993771598,7
2.765579685,-1.530655067,0.993771598,7
2.765579685,-0.908039285,0.993771598,7
2.765579685,-1.310652842,-0.551686735,7
2.765579685,-0.947751506,-1.497414969,7
2.765579685,-0.230286874,0.993771598,7
2.765579685,-0.071933977,0.993771598,7
2.765579685,-0.606759852,0.993771598,7
2.765579685,-0.853037729,1.028783314,8
2.765579685,-1.437582859,1.028783314,8
2.765579685,-1.863319904,-0.525874176,8
2.765579685,-2.040300223,-1.477231745,8
2.765579685,-1.260552083,1.028783314,8
2.765579685,-1.027968624,1.028783314,8
2.765579685,-1.570657246,1.028783314,8
2.765579685,-1.576597737,1.028783314,8
2.765579685,-1.828239119,1.028783314,8
2.765579685,-1.181893187,-0.525874176,8
2.765579685,-0.949505409,-1.477231745,8
2.765579685,-1.19286379,1.028783314,8
2.765579685,-1.288278309,1.028783314,8
2.765579685,-1.320332344,1.028783314,8
2.765579685,-0.90428866,-1.477231745,8
2.765579685,-0.687650677,1.028783314,8
2.765579685,-0.620966357,-0.525874176,8
2.765579685,-0.678345359,-1.477231745,8
2.765579685,-0.896114288,1.028783314,8
2.765579685,-1.005405827,1.028783314,8
2.765579685,-0.381204399,1.028783314,8
2.765579685,-0.934368518,1.028783314,8
2.765579685,-0.543295722,1.028783314,8
2.765579685,-0.428087408,-0.525874176,8
2.765579685,-0.687227011,-1.477231745,8
2.765579685,-0.437986209,1.028783314,8
2.765579685,-0.918884965,1.028783314,8
2.765579685,-0.728775018,1.028783314,8
2.765579685,-0.793638386,1.028783314,8
2.765579685,-0.933659579,1.028783314,8
2.765579685,-1.16654217,-0.525874176,8
2.765579685,-1.234436098,-1.467140132,9
2.765579685,-0.963768813,1.046289172,9
2.765579685,-0.815230393,1.046289172,9
2.765579685,-0.909153415,1.046289172,9
2.765579685,-1.15348652,1.046289172,9
2.765579685,-0.821132235,1.046289172,9
2.765579685,-0.816812428,-0.512967897,9
2.765579685,-1.062566311,-1.467140132,9
2.765579685,-0.599845643,1.046289172,9
2.765579685,-0.669538076,1.046289172,9
2.765579685,-0.842804798,1.046289172,9
2.765579685,-0.002550827,1.046289172,9
2.765579685,-0.089351692,1.046289172,9
2.765579685,-0.703368363,-0.512967897,9
2.765579685,-1.20861056,-1.467140132,9
2.765579685,-1.1791764,1.046289172,9
2.765579685,-0.771186849,1.046289172,9
2.765579685,-1.096615312,-1.467140132,9
2.765579685,-1.549854013,-1.467140132,9
2.765579685,-1.347806449,-1.467140132,9
2.765579685,-0.641098031,-0.512967897,9
2.765579685,-0.43411476,-1.467140132,9
2.765579685,-0.072619688,1.046289172,9
2.765579685,0.676172375,1.046289172,9
2.765579685,0.854161059,1.046289172,9
2.765579685,0.918845923,1.046289172,9
2.765579685,-0.11925451,1.046289172,9
2.765579685,-0.22301478,-0.512967897,9
2.765579685,-0.547788469,-1.467140132,9
2.765579685,-1.017591992,1.046289172,9
2.880049042,-1.206815081,1.028783314,10
2.880049042,-1.139178378,1.028783314,10
2.880049042,-0.517268257,1.028783314,10
2.880049042,-0.736450575,1.028783314,10
2.880049042,-0.954873692,-0.525874176,10
2.880049042,-0.42621922,-1.477231745,10
2.880049042,-0.500490968,1.028783314,10
2.880049042,-0.660363635,1.028783314,10
2.880049042,-0.053199687,1.028783314,10
2.880049042,-0.041711824,1.028783314,10
2.880049042,-0.076807154,1.028783314,10
2.880049042,-0.110323475,-1.477231745,10
2.880049042,-0.01435295,-1.477231745,10
2.880049042,0.356003669,1.028783314,10
2.880049042,-0.195274891,1.028783314,10
2.880049042,-0.358785556,1.028783314,10
2.880049042,-0.305802974,1.028783314,10
2.880049042,0.333394514,1.028783314,10
2.880049042,0.390028661,-0.525874176,10
2.880049042,-0.305469488,-1.477231745,10
2.880049042,-0.417616303,1.028783314,10
2.880049042,-0.187376716,1.028783314,10
2.880049042,-0.276228763,1.028783314,10
2.880049042,-0.604267536,1.028783314,10
2.880049042,-0.007287077,1.028783314,10
2.880049042,-0.1242612,-0.525874176,10
2.880049042,-0.322805515,-1.477231745,10
2.880049042,-0.38263477,1.028783314,10
2.880049042,-0.369664516,1.028783314,10
2.880049042,-0.565400694,1.028783314,10
2.880049042,-0.369493137,-1.477231745,10
2.880049042,-0.061666945,-1.436865296,11
2.880049042,-0.300856404,-0.474249058,11
2.880049042,-0.506897383,-1.436865296,11
2.880049042,-0.320209649,1.098806746,11
2.880049042,-0.448244847,1.098806746,11
2.880049042,-0.31951857,1.098806746,11
2.880049042,0.618596033,1.098806746,11
2.880049042,0.703988096,1.098806746,11
2.880049042,1.228866568,-0.474249058,11
2.880049042,1.804370184,-1.436865296,11
2.880049042,1.275968291,1.098806746,11
2.880049042,0.315685278,1.098806746,11
2.880049042,0.392678595,1.098806746,11
2.880049042,0.554298821,1.098806746,11
2.880049042,0.587976956,1.098806746,11
2.880049042,0.33978219,-0.474249058,11
2.880049042,0.637572459,-1.436865296,11
2.880049042,0.569603772,1.098806746,11
2.880049042,0.234394893,1.098806746,11
2.880049042,0.371649817,1.098806746,11
2.880049042,0.772060333,1.098806746,11
2.880049042,1.378359187,1.098806746,11
2.880049042,0.634073632,-0.474249058,11
2.880049042,0.375272688,-1.436865296,11
2.880049042,-0.278301708,1.098806746,11
2.880049042,-0.338139063,1.098806746,11
2.880049042,0.054470192,1.098806746,11
2.880049042,-0.03031209,1.098806746,11
2.880049042,0.217533672,1.098806746,11
2.880049042,0.582600377,-0.474249058,11
2.880049042,1.391950445,-1.406590459,12
2.880049042,0.983510293,1.15132432,12
2.880049042,0.631659979,1.15132432,12
2.880049042,1.215492754,1.15132432,12
2.880049042,1.206972598,1.15132432,12
2.880049042,1.096299389,1.15132432,12
2.880049042,1.273649403,-0.435530219,12
2.880049042,1.244147999,-1.406590459,12
2.880049042,0.743950456,1.15132432,12
2.880049042,0.609203659,1.15132432,12
2.880049042,0.566107873,1.15132432,12
2.880049042,0.350535642,1.15132432,12
2.880049042,0.57075902,1.15132432,12
2.880049042,0.3949318,-0.435530219,12
2.880049042,0.343298975,-1.406590459,12
2.880049042,0.771592749,1.15132432,12
2.880049042,0.697308021,1.15132432,12
2.880049042,0.583601714,1.15132432,12
2.880049042,0.383488051,1.15132432,12
2.880049042,0.614139494,1.15132432,12
2.880049042,1.012171491,-0.435530219,12
2.880049042,1.140258707,-1.406590459,12
2.880049042,0.986644109,1.15132432,12
2.880049042,0.640595602,1.15132432,12
2.880049042,0.367992298,-1.406590459,12
2.880049042,0.661336178,1.15132432,12
2.880049042,0.411949469,1.15132432,12
2.880049042,1.175245999,-0.435530219,12
2.880049042,1.215041859,-1.406590459,12
2.880049042,1.603560951,1.15132432,12
2.880049042,1.928948911,1.15132432,12
2.996618616,1.845603637,-1.446956908,1
2.996618616,2.077192786,1.081300888,1
2.996618616,1.808354064,1.081300888,1
2.996618616,1.400492365,-0.487155337,1
2.996618616,0.502792968,-1.446956908,1
2.996618616,0.519756178,1.081300888,1
2.996618616,0.616749316,1.081300888,1
2.996618616,0.286434696,1.081300888,1
2.996618616,0.267966551,1.081300888,1
2.996618616,0.76437443,1.081300888,1
2.996618616,1.525251645,-0.487155337,1
2.996618616,1.737424989,-1.446956908,1
2.996618616,0.981542752,1.081300888,1
2.996618616,0.779304709,1.081300888,1
2.996618616,0.31298391,1.081300888,1
2.996618616,0.653984933,1.081300888,1
2.996618616,1.752092735,1.081300888,1
2.996618616,1.866085193,-0.487155337,1
2.996618616,1.512187407,-1.446956908,1
2.996618616,1.744052753,1.081300888,1
2.996618616,2.351222654,1.081300888,1
2.996618616,2.422402551,1.081300888,1
2.996618616,1.681763877,1.081300888,1
2.996618616,1.320606879,1.081300888,1
2.996618616,1.34924358,-0.487155337,1
2.996618616,1.755194344,-1.446956908,1
2.996618616,1.467490261,1.081300888,1
2.996618616,1.383860982,1.081300888,1
2.996618616,0.950353517,1.081300888,1
2.996618616,1.204351358,1.081300888,1
2.996618616,1.534033359,1.081300888,1
2.996618616,0.980344269,-0.551686735,2
2.996618616,0.851560118,-1.497414969,2
2.996618616,0.742235689,0.993771598,2
2.996618616,0.523516855,0.993771598,2
2.996618616,0.354427586,0.993771598,2
2.996618616,0.292727411,0.993771598,2
2.996618616,0.930809764,0.993771598,2
2.996618616,1.951231119,-0.551686735,2
2.996618616,2.451531138,-1.497414969,2
2.996618616,2.087307664,0.993771598,2
2.996618616,1.51016326,0.993771598,2
2.996618616,0.980406731,0.993771598,2
2.996618616,0.441130563,0.993771598,2
2.996618616,0.268033697,0.993771598,2
2.996618616,0.946065527,-0.551686735,2
2.996618616,0.950705254,-1.497414969,2
2.996618616,0.698716531,0.993771598,2
2.996618616,0.677718983,0.993771598,2
2.996618616,0.830999509,0.993771598,2
2.996618616,1.426579851,0.993771598,2
2.996618616,2.305875517,0.993771598,2
2.996618616,0.643625381,-0.551686735,2
2.996618616,0.858782243,-1.497414969,2
2.996618616,0.390579982,0.993771598,2
2.996618616,0.779395084,0.993771598,2
2.996618616,0.999637103,0.993771598,2
2.996618616,1.800495611,0.993771598,2
2.996618616,1.748391884,0.993771598,2
2.996618616,2.037834157,-0.551686735,2
2.996618616,1.704877605,-1.507506581,3
2.996618616,1.72269771,0.97626574,3
2.996618616,1.189357445,0.97626574,3
2.996618616,1.26854707,0.97626574,3
2.996618616,1.846040869,0.97626574,3
2.996618616,0.953222262,0.97626574,3
2.996618616,0.614238164,-0.564593015,3
2.996618616,0.790756755,-1.507506581,3
2.996618616,0.828178976,0.97626574,3
2.996618616,0.78922869,0.97626574,3
2.996618616,1.185714176,0.97626574,3
2.996618616,0.70486412,0.97626574,3
2.996618616,0.762244294,0.97626574,3
2.996618616,0.41368317,-0.564593015,3
2.996618616,1.051743758,-1.507506581,3
2.996618616,0.626485912,0.97626574,3
2.996618616,0.952098929,0.97626574,3
2.996618616,0.573076931,0.97626574,3
2.996618616,0.946497585,0.97626574,3
2.996618616,1.030656129,0.97626574,3
2.996618616,0.640415439,-0.564593015,3
2.996618616,0.925114533,-1.507506581,3
2.996618616,0.778697661,0.97626574,3
2.996618616,1.141062901,0.97626574,3
2.996618616,1.522632161,0.97626574,3
2.996618616,1.465405605,0.97626574,3
2.996618616,0.722699841,0.97626574,3
2.996618616,0.346834107,-0.564593015,3
2.996618616,0.147552745,-1.507506581,3
2.996618616,0.509296589,0.97626574,3
2.996618616,0.384542871,0.97626574,3
2.616242878,0.264409166,0.941254024,4
2.616242878,0.865133809,0.941254024,4
2.616242878,0.522483018,0.941254024,4
2.616242878,0.083648553,-0.590405574,4
2.616242878,-0.26841579,-1.527689806,4
2.616242878,-0.454392632,0.941254024,4
2.616242878,0.408676773,0.941254024,4
2.616242878,0.2155836,0.941254024,4
2.616242878,0.047164329,0.941254024,4
2.616242878,0.114245475,-1.527689806,4
2.616242878,-0.091580108,-1.527689806,4
2.616242878,-0.691947646,-1.527689806,4
2.616242878,-0.799134326,0.941254024,4
2.616242878,-0.590939885,0.941254024,4
2.616242878,-0.24897461,0.941254024,4
2.616242878,0.422649828,0.941254024,4
2.616242878,0.59827922,0.941254024,4
2.616242878,0.879244279,-0.590405574,4
2.616242878,0.37448411,-1.527689806,4
2.616242878,-0.144229887,0.941254024,4
2.616242878,-0.436999315,0.941254024,4
2.616242878,-0.442592754,0.941254024,4
2.616242878,-0.132517162,0.941254024,4
2.616242878,0.344327835,0.941254024,4
2.616242878,0.369077276,-0.590405574,4
2.616242878,-0.127317427,-1.527689806,4
2.616242878,0.370921846,0.941254024,4
2.616242878,0.058534687,0.941254024,4
2.616242878,-0.387694454,0.941254024,4
2.616242878,0.159142791,0.941254024,4
2.616242878,-0.101337687,-1.578147867,5
2.616242878,0.039736667,-0.654936972,5
2.616242878,0.034108289,-1.578147867,5
2.616242878,0.120073828,0.853724734,5
2.616242878,-0.709967824,0.853724734,5
2.616242878,-0.430581384,0.853724734,5
2.616242878,-0.106401763,0.853724734,5
2.616242878,0.129555502,0.853724734,5
2.616242878,0.26782894,-0.654936972,5
2.616242878,-0.135810939,-1.578147867,5
2.616242878,-0.653124723,0.853724734,5
2.616242878,-0.935560852,0.853724734,5
2.616242878,-0.563317111,0.853724734,5
2.616242878,0.061037055,0.853724734,5
2.616242878,0.682955707,0.853724734,5
2.616242878,0.502175183,-0.654936972,5
2.616242878,-0.111479015,-1.578147867,5
2.616242878,0.098754115,0.853724734,5
2.616242878,-0.484102307,0.853724734,5
2.616242878,-1.043809281,0.853724734,5
2.616242878,-0.891854894,-1.578147867,5
2.616242878,-1.534241535,0.853724734,5
2.616242878,-1.335372712,-0.654936972,5
2.616242878,0.332775363,-1.578147867,5
2.616242878,-0.087654688,0.853724734,5
2.616242878,-0.254581224,0.853724734,5
2.616242878,-0.592151933,0.853724734,5
2.616242878,-1.301904897,0.853724734,5
2.616242878,-1.208712158,0.853724734,5
2.616242878,-1.408406451,-0.654936972,5
2.616242878,-0.940932258,-1.578147867,5
2.616242878,-0.886121015,0.80120716,6
2.616242878,-0.430713236,0.80120716,6
2.616242878,-0.896505649,0.80120716,6
2.616242878,-1.728751806,0.80120716,6
2.616242878,-0.615848994,0.80120716,6
2.616242878,-0.877659807,-0.693655811,6
2.616242878,-0.933254261,-1.608422704,6
2.616242878,-0.627732024,0.80120716,6
2.616242878,-0.749327526,0.80120716,6
2.616242878,-0.324037473,0.80120716,6
2.616242878,-0.228414001,0.80120716,6
2.616242878,-1.207698133,0.80120716,6
2.616242878,-1.372077698,-0.693655811,6
2.616242878,-1.831367369,-1.608422704,6
2.616242878,-1.29077365,0.80120716,6
2.616242878,-0.380873742,0.80120716,6
2.616242878,-0.41552013,0.80120716,6
2.616242878,-0.088217428,0.80120716,6
2.616242878,-0.395883075,0.80120716,6
2.616242878,-0.812875004,-1.608422704,6
2.616242878,-1.135623375,-1.608422704,6
2.616242878,-0.684007212,0.80120716,6
2.616242878,-1.245795525,0.80120716,6
2.616242878,-1.377570319,0.80120716,6
2.616242878,-1.421390075,0.80120716,6
2.616242878,-1.30899839,0.80120716,6
2.616242878,-0.80983732,-0.693655811,6
2.616242878,-0.598417126,-1.608422704,6
2.616242878,-1.038513414,-1.608422704,6
2.616242878,-0.780274625,0.80120716,6
2.606158686,-0.452186663,0.80120716,7
2.606158686,-0.690008896,0.80120716,7
2.606158686,-1.026095653,0.80120716,7
2.606158686,-1.356999853,-0.693655811,7
2.606158686,-1.67605196,-1.608422704,7
2.606158686,-1.932487073,0.80120716,7
2.606158686,-1.889781184,0.80120716,7
2.606158686,-1.547049876,0.80120716,7
2.606158686,-0.373284265,0.80120716,7
2.606158686,-0.986437404,0.80120716,7
2.606158686,-0.931162773,-0.693655811,7
2.606158686,-1.253329177,-1.608422704,7
2.606158686,-2.408093118,0.80120716,7
2.606158686,-1.882939977,0.80120716,7
2.606158686,-0.695027102,0.80120716,7
2.606158686,-0.459261808,-1.608422704,7
2.606158686,-0.36622454,0.80120716,7
2.606158686,-0.16559469,-0.693655811,7
2.606158686,-0.576752508,-1.608422704,7
2.606158686,-1.069400198,0.80120716,7
2.606158686,-1.062805324,0.80120716,7
2.606158686,-1.088094961,0.80120716,7
2.606158686,-1.337677546,0.80120716,7
2.606158686,-1.638664093,0.80120716,7
2.606158686,-0.519178802,-0.693655811,7
2.606158686,-0.742520674,-1.608422704,7
2.606158686,-1.884280267,0.80120716,7
2.606158686,-1.717959902,0.80120716,7
2.606158686,-2.04209697,0.80120716,7
2.606158686,-1.26453001,0.80120716,7
2.606158686,-0.632831333,0.80120716,7
2.606158686,-0.497609242,-0.667843252,8
2.606158686,-0.390035691,-1.588239479,8
2.606158686,-0.528380179,0.836218876,8
2.606158686,-0.869234027,0.836218876,8
2.606158686,-0.933353126,0.836218876,8
2.606158686,-1.534186881,0.836218876,8
2.606158686,-1.60195452,0.836218876,8
2.606158686,-0.942804838,-0.667843252,8
2.606158686,-0.759654775,-1.588239479,8
2.606158686,-1.33941515,0.836218876,8
2.606158686,-1.593806596,0.836218876,8
2.606158686,-1.126532476,0.836218876,8
2.606158686,-0.781215453,0.836218876,8
2.606158686,-1.604949711,0.836218876,8
2.606158686,-1.582796481,-1.588239479,8
2.606158686,-0.757180221,-1.588239479,8
2.606158686,-1.376831418,0.836218876,8
2.606158686,-1.357766179,0.836218876,8
2.606158686,-1.674506074,0.836218876,8
2.606158686,-0.922925744,0.836218876,8
2.606158686,-0.950650018,0.836218876,8
2.606158686,-1.117986165,-0.667843252,8
2.606158686,-1.167584401,-1.588239479,8
2.606158686,-0.509926088,0.836218876,8
2.606158686,-0.337405431,0.836218876,8
2.606158686,-0.576262282,0.836218876,8
2.606158686,-0.665973859,0.836218876,8
2.606158686,-1.667427181,0.836218876,8
2.606158686,-2.093468414,-0.667843252,8
2.606158686,-1.569051671,-1.588239479,8
2.606158686,-0.424626742,0.836218876,8
2.606158686,-0.700911767,0.853724734,9
2.606158686,-0.809622022,0.853724734,9
2.606158686,-0.805035095,0.853724734,9
2.606158686,-1.182636285,0.853724734,9
2.606158686,-1.173395186,-0.654936972,9
2.606158686,-0.770578434,-1.578147867,9
2.606158686,-0.67458029,0.853724734,9
2.606158686,-0.522132456,0.853724734,9
2.606158686,-0.640891907,0.853724734,9
2.606158686,-0.477025698,0.853724734,9
2.606158686,-0.968739977,0.853724734,9
2.606158686,-0.524492919,-0.654936972,9
2.606158686,-0.83627547,-1.578147867,9
2.606158686,-0.426602481,0.853724734,9
2.606158686,-0.662205862,0.853724734,9
2.606158686,-0.775133057,0.853724734,9
2.606158686,-0.536991783,0.853724734,9
2.606158686,-0.58949019,-1.578147867,9
2.606158686,-0.683131188,-1.578147867,9
2.606158686,-0.21278503,-1.578147867,9
2.606158686,-0.747191241,0.853724734,9
2.606158686,-0.618263428,0.853724734,9
2.606158686,-0.532140564,0.853724734,9
2.606158686,-0.342455649,0.853724734,9
2.606158686,-0.432403116,0.853724734,9
2.606158686,-0.225922271,-0.654936972,9
2.606158686,-0.418345055,-1.578147867,9
2.606158686,-0.816582589,0.853724734,9
2.606158686,-0.672838684,0.853724734,9
2.606158686,-1.154525433,0.853724734,9
2.959458367,-1.145105537,0.80120716,10
2.959458367,-1.01038031,0.80120716,10
2.959458367,-0.531304554,-0.693655811,10
2.959458367,-0.855593483,-1.608422704,10
2.959458367,-1.030803698,0.80120716,10
2.959458367,-0.594425536,0.80120716,10
2.959458367,-0.616779379,0.80120716,10
2.959458367,-0.337616532,0.80120716,10
2.959458367,-0.127367299,0.80120716,10
2.959458367,-0.089521803,-0.693655811,10
2.959458367,0.19179636,-1.608422704,10
2.959458367,-0.09704755,-1.608422704,10
2.959458367,-0.12821424,0.80120716,10
2.959458367,0.578937881,0.80120716,10
2.959458367,0.62464183,0.80120716,10
2.959458367,-0.158400965,0.80120716,10
2.959458367,-0.299875757,-0.693655811,10
2.959458367,-0.275676563,-1.608422704,10
2.959458367,-0.35420546,0.80120716,10
2.959458367,-0.134840051,0.80120716,10
2.959458367,-0.301264747,0.80120716,10
2.959458367,-0.06245523,0.80120716,10
2.959458367,-0.357964674,0.80120716,10
2.959458367,-0.305908866,-0.693655811,10
2.959458367,-0.52252167,-1.608422704,10
2.959458367,-0.803240299,0.80120716,10
2.959458367,-0.650464541,0.80120716,10
2.959458367,-0.352028283,0.80120716,10
2.959458367,0.051066229,0.80120716,10
2.959458367,0.684849855,0.80120716,10
2.959458367,1.600820447,-1.608422704,10
2.959458367,0.151686533,-1.628605928,11
2.959458367,-0.008348046,0.766195444,11
2.959458367,0.191007002,0.766195444,11
2.959458367,0.077435183,0.766195444,11
2.959458367,0.123016258,0.766195444,11
2.959458367,0.588206014,0.766195444,11
2.959458367,0.772916642,-0.71946837,11
2.959458367,0.889638186,-1.628605928,11
2.959458367,0.984329125,0.766195444,11
2.959458367,1.100857136,0.766195444,11
2.959458367,0.095532462,0.766195444,11
2.959458367,0.351231796,0.766195444,11
2.959458367,-0.033283799,0.766195444,11
2.959458367,-0.127363102,-0.71946837,11
2.959458367,0.36341962,-1.628605928,11
2.959458367,0.752052509,0.766195444,11
2.959458367,0.922226659,0.766195444,11
2.959458367,0.416803811,0.766195444,11
2.959458367,0.03867072,0.766195444,11
2.959458367,0.437341973,0.766195444,11
2.959458367,0.246823292,-0.71946837,11
2.959458367,0.126044085,-1.628605928,11
2.959458367,0.201692526,0.766195444,11
2.959458367,0.242123055,0.766195444,11
2.959458367,0.169756192,0.766195444,11
2.959458367,-0.216405462,0.766195444,11
2.959458367,-0.025338486,0.766195444,11
2.959458367,0.071868779,-0.71946837,11
2.959458367,0.0010982,-1.628605928,11
2.959458367,0.656798244,0.766195444,11
2.959458367,0.209635692,0.818713018,12
2.959458367,0.422458637,0.818713018,12
2.959458367,0.589994759,0.818713018,12
2.959458367,0.960741958,0.818713018,12
2.959458367,1.480450072,-0.680749532,12
2.959458367,1.005867356,-1.598331092,12
2.959458367,0.199450056,0.818713018,12
2.959458367,0.678520932,-1.598331092,12
2.959458367,0.610928479,0.818713018,12
2.959458367,0.026267111,0.818713018,12
2.959458367,0.100090208,0.818713018,12
2.959458367,0.005535025,-0.680749532,12
2.959458367,0.248591737,-1.598331092,12
2.959458367,0.381281399,0.818713018,12
2.959458367,0.28261995,0.818713018,12
2.959458367,0.699123019,0.818713018,12
2.959458367,1.210221286,0.818713018,12
2.959458367,0.694452549,0.818713018,12
2.959458367,0.532404656,-0.680749532,12
2.959458367,0.608182705,-1.598331092,12
2.959458367,1.158592755,0.818713018,12
2.959458367,1.024772049,0.818713018,12
2.959458367,0.749115251,0.818713018,12
2.959458367,0.74462348,0.818713018,12
2.959458367,1.421163257,-1.598331092,12
2.959458367,1.824779518,-0.680749532,12
2.959458367,1.200419984,-1.598331092,12
2.959458367,1.313134907,0.818713018,12
2.959458367,0.686638795,0.818713018,12
2.959458367,0.267905065,0.818713018,12
2.959458367,1.154162762,0.818713018,12
3.049730957,1.472241248,-1.608422704,1
3.049730957,1.431798324,-0.693655811,1
3.049730957,1.600108971,-1.608422704,1
3.049730957,1.203809503,0.80120716,1
3.049730957,1.83976738,0.80120716,1
3.049730957,1.455139452,0.80120716,1
3.049730957,1.251727326,0.80120716,1
3.049730957,0.776552201,0.80120716,1
3.049730957,0.371419587,-0.693655811,1
3.049730957,0.083984967,-1.608422704,1
3.049730957,0.20772056,0.80120716,1
3.049730957,0.479631418,0.80120716,1
3.049730957,0.664173692,0.80120716,1
3.049730957,0.281450551,0.80120716,1
3.049730957,0.610450452,0.80120716,1
3.049730957,0.604036131,-0.693655811,1
3.049730957,1.192570022,-1.608422704,1
3.049730957,2.218552218,0.80120716,1
3.049730957,2.56695143,0.80120716,1
3.049730957,2.570361444,0.80120716,1
3.049730957,2.511701198,0.80120716,1
3.049730957,2.636321892,0.80120716,1
3.049730957,2.324998532,-0.693655811,1
3.049730957,1.401883112,-1.608422704,1
3.049730957,0.789682513,0.80120716,1
3.049730957,0.788715041,0.80120716,1
3.049730957,0.468396134,0.80120716,1
3.049730957,0.376715161,0.80120716,1
3.049730957,1.155147996,0.80120716,1
3.049730957,1.145440094,-0.693655811,1
3.049730957,1.400353778,-1.608422704,1
3.049730957,1.663031246,0.80120716,2
3.049730957,1.990842522,0.80120716,2
3.049730957,2.495832043,0.80120716,2
3.049730957,3.239344927,0.80120716,2
3.049730957,1.69771111,0.80120716,2
3.049730957,0.986010709,-0.693655811,2
3.049730957,0.926136366,-1.608422704,2
3.049730957,1.766648244,0.80120716,2
3.049730957,2.499106398,0.80120716,2
3.049730957,2.49727354,0.80120716,2
3.049730957,1.284564572,0.80120716,2
3.049730957,1.538487653,0.80120716,2
3.049730957,1.07017872,-0.693655811,2
3.049730957,1.085525736,-1.608422704,2
3.049730957,0.862573078,0.80120716,2
3.049730957,0.288970637,0.80120716,2
3.049730957,0.594814551,0.80120716,2
3.049730957,0.442195533,0.80120716,2
3.049730957,0.080078383,0.80120716,2
3.049730957,0.691057077,-0.693655811,2
3.049730957,0.182650808,-1.608422704,2
3.049730957,0.711683173,0.80120716,2
3.049730957,0.966345254,0.80120716,2
3.049730957,1.944138797,0.80120716,2
3.049730957,1.523531999,0.80120716,2
3.049730957,0.467268897,0.80120716,2
3.049730957,0.761301709,-0.693655811,2
3.049730957,1.453825806,-1.608422704,2
3.049730957,2.418286916,0.818713018,3
3.049730957,2.178679257,0.818713018,3
3.049730957,1.430221168,0.818713018,3
3.049730957,2.261941574,0.818713018,3
3.049730957,1.631286103,0.818713018,3
3.049730957,1.009639746,-0.680749532,3
3.049730957,1.169118904,-1.598331092,3
3.049730957,1.167221632,0.818713018,3
3.049730957,0.842155837,0.818713018,3
3.049730957,0.789765079,0.818713018,3
3.049730957,0.380666445,0.818713018,3
3.049730957,0.898712786,0.818713018,3
3.049730957,0.937448751,-0.680749532,3
3.049730957,0.672526568,-1.598331092,3
3.049730957,0.368029092,0.818713018,3
3.049730957,0.83165926,0.818713018,3
3.049730957,0.923411965,0.818713018,3
3.049730957,0.458331322,0.818713018,3
3.049730957,0.196244604,0.818713018,3
3.049730957,0.584785557,-0.680749532,3
3.049730957,1.138994543,-1.598331092,3
3.049730957,0.491128455,0.818713018,3
3.049730957,0.172516996,0.818713018,3
3.049730957,0.266995565,0.818713018,3
3.049730957,-0.036731192,0.818713018,3
3.049730957,0.551460428,0.818713018,3
3.049730957,0.780599422,-0.680749532,3
3.049730957,1.206153766,-1.598331092,3
3.049730957,0.963401554,0.818713018,3
3.049730957,0.853823376,0.818713018,3
3.049730957,1.141932483,0.818713018,3
3.053340106,0.546886969,0.818713018,4
3.053340106,0.67718679,-1.598331092,4
3.053340106,0.416604617,-1.598331092,4
3.053340106,-0.016061471,-1.598331092,4
3.053340106,0.531727338,0.818713018,4
3.053340106,0.405061026,0.818713018,4
3.053340106,0.504120277,0.818713018,4
3.053340106,0.20679808,0.818713018,4
3.053340106,0.096427322,0.818713018,4
3.053340106,-0.239554812,-0.680749532,4
3.053340106,0.198999161,-1.598331092,4
3.053340106,0.605319815,0.818713018,4
3.053340106,0.867852061,0.818713018,4
3.053340106,0.813945534,0.818713018,4
3.053340106,0.193444274,0.818713018,4
3.053340106,-0.116104493,0.818713018,4
3.053340106,0.087145037,-0.680749532,4
3.053340106,0.094820009,-1.598331092,4
3.053340106,0.453302869,0.818713018,4
3.053340106,-0.342546999,0.818713018,4
3.053340106,-0.147245027,0.818713018,4
3.053340106,-0.32190558,0.818713018,4
3.053340106,-0.115945313,0.818713018,4
3.053340106,-0.491963688,-0.680749532,4
3.053340106,-0.336029226,-1.598331092,4
3.053340106,-0.267722759,0.818713018,4
3.053340106,-0.16088889,0.818713018,4
3.053340106,0.666443392,0.818713018,4
3.053340106,0.049164468,0.818713018,4
3.053340106,0.178336076,0.818713018,4
3.053340106,0.14447407,-1.598331092,5
3.053340106,-0.247301712,-1.598331092,5
3.053340106,-0.728447973,0.818713018,5
3.053340106,-0.555876761,0.818713018,5
3.053340106,-1.151934056,0.818713018,5
3.053340106,-1.469105385,0.818713018,5
3.053340106,-1.234543064,0.818713018,5
3.053340106,-0.281009907,-0.680749532,5
3.053340106,-0.67232523,-1.598331092,5
3.053340106,-0.572045147,0.818713018,5
3.053340106,-1.432120688,0.818713018,5
3.053340106,-0.969783086,0.818713018,5
3.053340106,-0.669411884,0.818713018,5
3.053340106,-0.303176853,0.818713018,5
3.053340106,-0.505971194,-0.680749532,5
3.053340106,-1.000918447,-1.598331092,5
3.053340106,-1.050243804,0.818713018,5
3.053340106,-0.765879563,0.818713018,5
3.053340106,-0.023410081,0.818713018,5
3.053340106,-0.478546346,0.818713018,5
3.053340106,-0.718178794,-1.598331092,5
3.053340106,-0.655497679,-0.680749532,5
3.053340106,-0.322906332,-1.598331092,5
3.053340106,-0.063471403,0.818713018,5
3.053340106,-0.400354546,0.818713018,5
3.053340106,0.227904253,0.818713018,5
3.053340106,0.215693982,0.818713018,5
3.053340106,-0.426238642,0.818713018,5
3.053340106,-0.982458891,-0.680749532,5
3.053340106,-0.608452367,-1.598331092,5
3.053340106,0.365073877,0.818713018,5
3.053340106,0.003111124,0.818713018,6
3.053340106,-0.528174837,0.818713018,6
3.053340106,0.199668672,0.818713018,6
3.053340106,-0.644858611,0.818713018,6
3.053340106,-1.417003414,-0.680749532,6
3.053340106,-1.596310429,-1.598331092,6
3.053340106,-0.592000659,0.818713018,6
3.053340106,-0.055408193,0.818713018,6
3.053340106,-0.205829929,0.818713018,6
3.053340106,-0.310935855,0.818713018,6
3.053340106,-0.307396136,0.818713018,6
3.053340106,-0.031106523,-0.680749532,6
3.053340106,-1.152144279,-1.598331092,6
3.053340106,-1.656251919,0.818713018,6
3.053340106,-1.120837929,0.818713018,6
3.053340106,-2.009579738,0.818713018,6
3.053340106,-1.806705588,0.818713018,6
3.053340106,-2.124090653,0.818713018,6
3.053340106,-2.01648673,-0.680749532,6
3.053340106,-2.026996815,-1.598331092,6
3.053340106,-0.611331945,0.818713018,6
3.053340106,-0.701726013,0.818713018,6
3.053340106,-0.599978569,0.818713018,6
3.053340106,-0.835851902,0.818713018,6
3.053340106,-1.499094381,0.818713018,6
3.053340106,-2.251787465,-0.680749532,6
3.053340106,-1.97412194,-1.598331092,6
3.053340106,-2.505149263,0.818713018,6
3.053340106,-2.50303793,0.818713018,6
3.053340106,-1.564106291,0.818713018,6
2.928353705,-1.055068379,0.818713018,7
2.928353705,-1.155579765,0.818713018,7
2.928353705,-0.771839378,-0.680749532,7
2.928353705,-1.049832143,-1.598331092,7
2.928353705,-0.912635973,0.818713018,7
2.928353705,-0.813053996,0.818713018,7
2.928353705,-0.69678647,0.818713018,7
2.928353705,-0.396405117,0.818713018,7
2.928353705,-0.36042332,0.818713018,7
2.928353705,-1.312143137,-0.680749532,7
2.928353705,-1.289343865,-1.598331092,7
2.928353705,-1.463079108,0.818713018,7
2.928353705,-1.468174219,0.818713018,7
2.928353705,-1.445098164,0.818713018,7
2.928353705,-0.904701688,0.818713018,7
2.928353705,-1.478912934,-1.598331092,7
2.928353705,-2.21329104,-0.680749532,7
2.928353705,-2.479141013,-1.598331092,7
2.928353705,-1.660188387,0.818713018,7
2.928353705,-0.653763588,0.818713018,7
2.928353705,-0.600756314,0.818713018,7
2.928353705,-0.880466481,0.818713018,7
2.928353705,-0.810739402,0.818713018,7
2.928353705,-1.48464652,-0.680749532,7
2.928353705,-1.034589946,-1.598331092,7
2.928353705,-1.909313577,0.818713018,7
2.928353705,-1.809154412,0.818713018,7
2.928353705,-0.965449518,0.818713018,7
2.928353705,-1.685504746,0.818713018,7
2.928353705,-1.620568376,0.818713018,7
2.928353705,-1.639815261,-0.680749532,7
2.928353705,-2.058530623,-1.588239479,8
2.928353705,-1.49741065,0.836218876,8
2.928353705,-0.780444735,0.836218876,8
2.928353705,-0.81625125,0.836218876,8
2.928353705,-0.34609072,0.836218876,8
2.928353705,-0.729869951,0.836218876,8
2.928353705,-1.352139363,-0.667843252,8
2.928353705,-1.29191582,-1.588239479,8
2.928353705,-1.306598205,0.836218876,8
2.928353705,-1.101102399,0.836218876,8
2.928353705,-0.523867522,0.836218876,8
2.928353705,-1.490626039,0.836218876,8
2.928353705,-1.616495292,0.836218876,8
2.928353705,-1.328154003,-0.667843252,8
2.928353705,-1.152050196,-1.588239479,8
2.928353705,-0.121383769,0.836218876,8
2.928353705,-0.3420313,0.836218876,8
2.928353705,-0.399664736,0.836218876,8
2.928353705,-0.881321425,0.836218876,8
2.928353705,-1.112007905,0.836218876,8
2.928353705,-0.965390765,-0.667843252,8
2.928353705,-1.198166294,-1.588239479,8
2.928353705,-1.812401561,0.836218876,8
2.928353705,-1.889478795,0.836218876,8
2.928353705,-0.737164199,0.836218876,8
2.928353705,-0.918134255,0.836218876,8
2.928353705,-1.209222684,0.836218876,8
2.928353705,-1.439176997,-0.667843252,8
2.928353705,0.001138313,-1.588239479,8
2.928353705,0.001138313,0.836218876,8
2.928353705,-0.098067333,0.836218876,8
2.928353705,-0.118532786,0.661160296,9
2.928353705,-0.405224698,0.661160296,9
2.928353705,-0.098645689,0.661160296,9
2.928353705,0.325116982,-0.796906048,9
2.928353705,0.445094045,-1.689155602,9
2.928353705,0.113430644,0.661160296,9
2.928353705,0.064553352,0.661160296,9
2.928353705,0.075825137,0.661160296,9
2.928353705,0.714819917,0.661160296,9
2.928353705,0.412894592,0.661160296,9
2.928353705,0.485254916,-0.796906048,9
2.928353705,-0.060778526,-1.689155602,9
2.928353705,-0.125354278,0.661160296,9
2.928353705,-0.122795987,0.661160296,9
2.928353705,0.495667463,0.661160296,9
2.928353705,0.40426952,0.661160296,9
2.928353705,0.509801357,0.661160296,9
2.928353705,0.127445763,-1.689155602,9
2.928353705,0.043231394,-1.689155602,9
2.928353705,0.702968801,0.661160296,9
2.928353705,1.341371464,0.661160296,9
2.928353705,0.724729844,0.661160296,9
2.928353705,0.345570333,0.661160296,9
2.928353705,-0.070510242,0.661160296,9
2.928353705,-0.240258091,-0.796906048,9
2.928353705,-0.880810508,-1.689155602,9
2.928353705,-0.651095794,0.661160296,9
2.928353705,0.026291217,0.661160296,9
2.928353705,-0.642159683,0.661160296,9
2.928353705,-0.295278777,0.661160296,9
3.323084769,-0.648057036,0.871230592,10
3.323084769,-1.119411266,-0.642030693,10
3.323084769,-0.603097844,-1.568056255,10
3.323084769,-0.402809776,0.871230592,10
3.323084769,-0.543880128,0.871230592,10
3.323084769,0.133840272,0.871230592,10
3.323084769,0.276028492,0.871230592,10
3.323084769,0.020399232,0.871230592,10
3.323084769,0.910147362,-0.642030693,10
3.323084769,0.015995395,-1.568056255,10
3.323084769,0.432680481,-1.568056255,10
3.323084769,0.185992114,0.871230592,10
3.323084769,-0.287643429,0.871230592,10
3.323084769,-0.81016983,0.871230592,10
3.323084769,-0.650725416,0.871230592,10
3.323084769,-0.329199731,-0.642030693,10
3.323084769,0.092354044,-1.568056255,10
3.323084769,0.734987604,0.871230592,10
3.323084769,1.858281395,0.871230592,10
3.323084769,0.392696553,0.871230592,10
3.323084769,0.300261259,0.871230592,10
3.323084769,0.059668072,0.871230592,10
3.323084769,-0.106747449,-0.642030693,10
3.323084769,0.080782735,-1.568056255,10
3.323084769,0.39107743,0.871230592,10
3.323084769,0.362178293,0.871230592,10
3.323084769,0.369232552,0.871230592,10
3.323084769,0.715184927,0.871230592,10
3.323084769,0.800890079,0.871230592,10
3.323084769,0.995822552,-0.642030693,10
3.323084769,1.163224284,-1.568056255,10
3.323084769,0.436644159,-1.557964643,11
3.323084769,0.869192838,0.88873645,11
3.323084769,0.138223126,0.88873645,11
3.323084769,-0.222164814,0.88873645,11
3.323084769,0.814097784,0.88873645,11
3.323084769,0.762811914,-0.629124413,11
3.323084769,0.76631074,-1.557964643,11
3.323084769,1.464632642,0.88873645,11
3.323084769,0.545139019,0.88873645,11
3.323084769,0.762323932,0.88873645,11
3.323084769,1.041879702,0.88873645,11
3.323084769,0.588382956,0.88873645,11
3.323084769,0.062208211,-0.629124413,11
3.323084769,0.177274229,-1.557964643,11
3.323084769,-0.120689469,0.88873645,11
3.323084769,0.777692614,0.88873645,11
3.323084769,0.908653943,0.88873645,11
3.323084769,1.264787661,0.88873645,11
3.323084769,1.680867943,0.88873645,11
3.323084769,1.500794017,-0.629124413,11
3.323084769,0.894491747,-1.557964643,11
3.323084769,1.268678825,0.88873645,11
3.323084769,2.186937854,0.88873645,11
3.323084769,1.103789904,0.88873645,11
3.323084769,0.891315964,0.88873645,11
3.323084769,0.925634721,0.88873645,11
3.323084769,0.859442677,-0.629124413,11
3.323084769,0.452226577,-1.557964643,11
3.323084769,1.035711519,0.88873645,11
3.323084769,0.786057201,0.88873645,11
3.323084769,0.346750175,0.941254024,12
3.323084769,0.947015334,0.941254024,12
3.323084769,1.454355753,0.941254024,12
3.323084769,1.87362841,-0.590405574,12
3.323084769,2.401065076,-1.527689806,12
3.323084769,2.194585499,0.941254024,12
3.323084769,0.678791273,0.941254024,12
3.323084769,2.194827538,-1.527689806,12
3.323084769,3.096746022,0.941254024,12
3.323084769,1.901830808,0.941254024,12
3.323084769,0.609903913,-0.590405574,12
3.323084769,0.321433406,-1.527689806,12
3.323084769,0.676251818,0.941254024,12
3.323084769,0.928715933,0.941254024,12
3.323084769,1.553341808,0.941254024,12
3.323084769,1.952601371,0.941254024,12
3.323084769,1.006567415,0.941254024,12
3.323084769,1.391697671,-0.590405574,12
3.323084769,2.026974618,-1.527689806,12
3.323084769,2.009986033,0.941254024,12
3.323084769,2.277611633,0.941254024,12
3.323084769,2.587498376,0.941254024,12
3.323084769,0.787326148,0.941254024,12
3.323084769,1.767306043,0.941254024,12
3.323084769,2.809106352,-1.527689806,12
3.323084769,2.861655119,-1.527689806,12
3.323084769,2.702171081,0.941254024,12
3.323084769,2.664029477,0.941254024,12
3.323084769,1.297025665,0.941254024,12
3.323084769,0.805140398,0.941254024,12
3.323084769,0.692299575,0.941254024,12